investor_id,days_gap,churn_risk_status
INV000001,76.0,At-Risk
INV000002,238.0,At-Risk
INV000003,238.0,At-Risk
INV000004,265.0,At-Risk
INV000005,19.0,Active
INV000006,295.0,At-Risk
INV000007,177.0,At-Risk
INV000008,165.0,At-Risk
INV000009,162.0,At-Risk
INV000010,139.0,At-Risk
INV000011,125.0,At-Risk
INV000012,132.0,At-Risk
INV000013,104.0,At-Risk
INV000014,128.0,At-Risk
INV000015,,Active
INV000016,,Active
INV000017,,Active
INV000018,50.0,At-Risk
INV000019,406.0,At-Risk
INV000020,16.0,Active
INV000021,282.0,At-Risk
INV000022,40.0,At-Risk
INV000023,115.0,At-Risk
INV000024,167.0,At-Risk
INV000025,,Active
INV000026,157.0,At-Risk
INV000027,341.0,At-Risk
INV000028,238.0,At-Risk
INV000029,96.0,At-Risk
INV000030,100.0,At-Risk
INV000031,276.0,At-Risk
INV000032,166.0,At-Risk
INV000033,87.0,At-Risk
INV000034,,Active
INV000035,144.0,At-Risk
INV000036,99.0,At-Risk
INV000037,63.0,At-Risk
INV000038,183.0,At-Risk
INV000039,129.0,At-Risk
INV000040,118.0,At-Risk
INV000041,,Active
INV000042,32.0,Active
INV000043,,Active
INV000044,17.0,Active
INV000045,109.0,At-Risk
INV000046,54.0,At-Risk
INV000047,77.0,At-Risk
INV000048,168.0,At-Risk
INV000049,425.0,At-Risk
INV000050,143.0,At-Risk
INV000051,82.0,At-Risk
INV000052,120.0,At-Risk
INV000053,7.0,Active
INV000054,103.0,At-Risk
INV000055,156.0,At-Risk
INV000056,161.0,At-Risk
INV000057,149.0,At-Risk
INV000058,121.0,At-Risk
INV000059,,Active
INV000060,90.0,At-Risk
INV000061,25.0,Active
INV000062,215.0,At-Risk
INV000063,403.0,At-Risk
INV000065,165.0,At-Risk
INV000066,98.0,At-Risk
INV000067,,Active
INV000069,129.0,At-Risk
INV000070,145.0,At-Risk
INV000071,57.0,At-Risk
INV000072,247.0,At-Risk
INV000073,112.0,At-Risk
INV000074,191.0,At-Risk
INV000075,102.0,At-Risk
INV000076,203.0,At-Risk
INV000078,,Active
INV000079,90.0,At-Risk
INV000080,173.0,At-Risk
INV000081,167.0,At-Risk
INV000082,351.0,At-Risk
INV000083,,Active
INV000084,155.0,At-Risk
INV000085,300.0,At-Risk
INV000086,167.0,At-Risk
INV000087,202.0,At-Risk
INV000088,9.0,Active
INV000089,177.0,At-Risk
INV000090,249.0,At-Risk
INV000091,105.0,At-Risk
INV000092,14.0,Active
INV000093,91.0,At-Risk
INV000094,95.0,At-Risk
INV000095,155.0,At-Risk
INV000096,2.0,Active
INV000097,183.0,At-Risk
INV000098,103.0,At-Risk
INV000099,206.0,At-Risk
INV000100,275.0,At-Risk
INV000101,197.0,At-Risk
INV000102,109.0,At-Risk
INV000103,232.0,At-Risk
INV000104,247.0,At-Risk
INV000105,87.0,At-Risk
INV000106,112.0,At-Risk
INV000107,200.0,At-Risk
INV000108,71.0,At-Risk
INV000109,63.0,At-Risk
INV000110,194.0,At-Risk
INV000111,,Active
INV000112,216.0,At-Risk
INV000113,144.0,At-Risk
INV000114,,Active
INV000115,218.0,At-Risk
INV000116,282.0,At-Risk
INV000117,126.0,At-Risk
INV000118,152.0,At-Risk
INV000119,142.0,At-Risk
INV000120,223.0,At-Risk
INV000121,170.0,At-Risk
INV000122,,Active
INV000123,142.0,At-Risk
INV000124,344.0,At-Risk
INV000125,123.0,At-Risk
INV000126,,Active
INV000127,,Active
INV000128,181.0,At-Risk
INV000129,256.0,At-Risk
INV000130,170.0,At-Risk
INV000131,123.0,At-Risk
INV000132,139.0,At-Risk
INV000133,265.0,At-Risk
INV000134,106.0,At-Risk
INV000135,238.0,At-Risk
INV000136,,Active
INV000137,150.0,At-Risk
INV000138,220.0,At-Risk
INV000139,,Active
INV000140,157.0,At-Risk
INV000141,,Active
INV000143,237.0,At-Risk
INV000144,265.0,At-Risk
INV000145,282.0,At-Risk
INV000146,171.0,At-Risk
INV000147,216.0,At-Risk
INV000148,168.0,At-Risk
INV000150,176.0,At-Risk
INV000151,219.0,At-Risk
INV000152,,Active
INV000153,97.0,At-Risk
INV000154,90.0,At-Risk
INV000155,99.0,At-Risk
INV000156,344.0,At-Risk
INV000158,144.0,At-Risk
INV000159,218.0,At-Risk
INV000160,69.0,At-Risk
INV000161,213.0,At-Risk
INV000162,435.0,At-Risk
INV000163,80.0,At-Risk
INV000164,208.0,At-Risk
INV000165,249.0,At-Risk
INV000166,368.0,At-Risk
INV000167,195.0,At-Risk
INV000168,,Active
INV000169,145.0,At-Risk
INV000170,18.0,Active
INV000171,98.0,At-Risk
INV000172,298.0,At-Risk
INV000173,165.0,At-Risk
INV000174,315.0,At-Risk
INV000175,170.0,At-Risk
INV000176,204.0,At-Risk
INV000177,278.0,At-Risk
INV000178,230.0,At-Risk
INV000179,85.0,At-Risk
INV000180,229.0,At-Risk
INV000181,286.0,At-Risk
INV000182,182.0,At-Risk
INV000183,216.0,At-Risk
INV000184,,Active
INV000185,196.0,At-Risk
INV000189,216.0,At-Risk
INV000190,97.0,At-Risk
INV000191,161.0,At-Risk
INV000192,208.0,At-Risk
INV000193,392.0,At-Risk
INV000194,109.0,At-Risk
INV000195,114.0,At-Risk
INV000196,176.0,At-Risk
INV000197,,Active
INV000198,,Active
INV000199,153.0,At-Risk
INV000200,244.0,At-Risk
INV000201,100.0,At-Risk
INV000202,348.0,At-Risk
INV000203,98.0,At-Risk
INV000204,48.0,At-Risk
INV000205,193.0,At-Risk
INV000206,,Active
INV000207,238.0,At-Risk
INV000208,,Active
INV000209,,Active
INV000210,163.0,At-Risk
INV000211,214.0,At-Risk
INV000212,,Active
INV000213,163.0,At-Risk
INV000214,306.0,At-Risk
INV000215,388.0,At-Risk
INV000216,107.0,At-Risk
INV000217,183.0,At-Risk
INV000218,,Active
INV000219,217.0,At-Risk
INV000220,253.0,At-Risk
INV000221,60.0,At-Risk
INV000222,59.0,At-Risk
INV000223,172.0,At-Risk
INV000224,138.0,At-Risk
INV000225,175.0,At-Risk
INV000226,100.0,At-Risk
INV000227,182.0,At-Risk
INV000228,188.0,At-Risk
INV000229,102.0,At-Risk
INV000230,112.0,At-Risk
INV000231,87.0,At-Risk
INV000232,,Active
INV000233,,Active
INV000234,340.0,At-Risk
INV000235,140.0,At-Risk
INV000236,112.0,At-Risk
INV000237,,Active
INV000238,287.0,At-Risk
INV000239,105.0,At-Risk
INV000240,,Active
INV000241,144.0,At-Risk
INV000242,119.0,At-Risk
INV000243,137.0,At-Risk
INV000244,38.0,At-Risk
INV000245,164.0,At-Risk
INV000246,117.0,At-Risk
INV000248,,Active
INV000249,162.0,At-Risk
INV000251,223.0,At-Risk
INV000252,96.0,At-Risk
INV000253,,Active
INV000254,249.0,At-Risk
INV000255,103.0,At-Risk
INV000256,155.0,At-Risk
INV000257,197.0,At-Risk
INV000258,,Active
INV000259,165.0,At-Risk
INV000260,206.0,At-Risk
INV000261,234.0,At-Risk
INV000262,122.0,At-Risk
INV000263,271.0,At-Risk
INV000264,,Active
INV000265,140.0,At-Risk
INV000266,109.0,At-Risk
INV000267,200.0,At-Risk
INV000268,143.0,At-Risk
INV000269,180.0,At-Risk
INV000270,130.0,At-Risk
INV000271,342.0,At-Risk
INV000272,228.0,At-Risk
INV000273,,Active
INV000274,175.0,At-Risk
INV000275,17.0,Active
INV000276,187.0,At-Risk
INV000277,,Active
INV000278,354.0,At-Risk
INV000279,133.0,At-Risk
INV000280,191.0,At-Risk
INV000281,,Active
INV000282,53.0,At-Risk
INV000283,195.0,At-Risk
INV000284,162.0,At-Risk
INV000285,140.0,At-Risk
INV000286,215.0,At-Risk
INV000287,301.0,At-Risk
INV000288,218.0,At-Risk
INV000289,142.0,At-Risk
INV000290,,Active
INV000291,196.0,At-Risk
INV000292,95.0,At-Risk
INV000293,91.0,At-Risk
INV000294,164.0,At-Risk
INV000295,8.0,Active
INV000296,158.0,At-Risk
INV000297,163.0,At-Risk
INV000298,122.0,At-Risk
INV000299,240.0,At-Risk
INV000300,131.0,At-Risk
INV000301,111.0,At-Risk
INV000302,,Active
INV000303,280.0,At-Risk
INV000304,204.0,At-Risk
INV000305,110.0,At-Risk
INV000306,115.0,At-Risk
INV000307,162.0,At-Risk
INV000308,212.0,At-Risk
INV000309,157.0,At-Risk
INV000310,164.0,At-Risk
INV000311,287.0,At-Risk
INV000312,203.0,At-Risk
INV000313,310.0,At-Risk
INV000314,171.0,At-Risk
INV000315,183.0,At-Risk
INV000316,184.0,At-Risk
INV000317,250.0,At-Risk
INV000318,175.0,At-Risk
INV000319,201.0,At-Risk
INV000320,119.0,At-Risk
INV000321,204.0,At-Risk
INV000322,206.0,At-Risk
INV000323,111.0,At-Risk
INV000325,227.0,At-Risk
INV000326,220.0,At-Risk
INV000327,50.0,At-Risk
INV000328,73.0,At-Risk
INV000329,163.0,At-Risk
INV000330,196.0,At-Risk
INV000331,163.0,At-Risk
INV000332,64.0,At-Risk
INV000333,379.0,At-Risk
INV000334,60.0,At-Risk
INV000335,279.0,At-Risk
INV000336,150.0,At-Risk
INV000337,297.0,At-Risk
INV000338,,Active
INV000339,195.0,At-Risk
INV000340,60.0,At-Risk
INV000341,191.0,At-Risk
INV000342,,Active
INV000343,248.0,At-Risk
INV000344,55.0,At-Risk
INV000345,,Active
INV000346,,Active
INV000347,,Active
INV000348,284.0,At-Risk
INV000349,156.0,At-Risk
INV000350,85.0,At-Risk
INV000351,158.0,At-Risk
INV000352,225.0,At-Risk
INV000353,,Active
INV000354,262.0,At-Risk
INV000355,,Active
INV000356,157.0,At-Risk
INV000357,88.0,At-Risk
INV000358,,Active
INV000359,197.0,At-Risk
INV000360,184.0,At-Risk
INV000361,108.0,At-Risk
INV000363,153.0,At-Risk
INV000364,142.0,At-Risk
INV000366,234.0,At-Risk
INV000367,116.0,At-Risk
INV000368,,Active
INV000369,112.0,At-Risk
INV000370,257.0,At-Risk
INV000371,147.0,At-Risk
INV000372,121.0,At-Risk
INV000373,48.0,At-Risk
INV000374,246.0,At-Risk
INV000376,,Active
INV000377,202.0,At-Risk
INV000378,196.0,At-Risk
INV000379,74.0,At-Risk
INV000380,272.0,At-Risk
INV000381,,Active
INV000382,,Active
INV000383,203.0,At-Risk
INV000384,133.0,At-Risk
INV000385,147.0,At-Risk
INV000386,,Active
INV000387,161.0,At-Risk
INV000388,119.0,At-Risk
INV000389,209.0,At-Risk
INV000390,211.0,At-Risk
INV000391,,Active
INV000392,205.0,At-Risk
INV000393,43.0,At-Risk
INV000394,242.0,At-Risk
INV000395,119.0,At-Risk
INV000396,153.0,At-Risk
INV000397,205.0,At-Risk
INV000399,68.0,At-Risk
INV000400,101.0,At-Risk
INV000401,32.0,Active
INV000402,172.0,At-Risk
INV000403,90.0,At-Risk
INV000404,,Active
INV000405,65.0,At-Risk
INV000406,,Active
INV000407,157.0,At-Risk
INV000408,125.0,At-Risk
INV000409,375.0,At-Risk
INV000410,198.0,At-Risk
INV000411,101.0,At-Risk
INV000412,70.0,At-Risk
INV000413,317.0,At-Risk
INV000414,233.0,At-Risk
INV000415,128.0,At-Risk
INV000416,119.0,At-Risk
INV000417,268.0,At-Risk
INV000418,238.0,At-Risk
INV000419,201.0,At-Risk
INV000420,,Active
INV000421,202.0,At-Risk
INV000422,,Active
INV000423,265.0,At-Risk
INV000424,,Active
INV000425,70.0,At-Risk
INV000426,39.0,At-Risk
INV000427,116.0,At-Risk
INV000428,164.0,At-Risk
INV000429,187.0,At-Risk
INV000430,264.0,At-Risk
INV000431,168.0,At-Risk
INV000432,306.0,At-Risk
INV000433,166.0,At-Risk
INV000434,,Active
INV000435,,Active
INV000436,170.0,At-Risk
INV000437,295.0,At-Risk
INV000438,184.0,At-Risk
INV000439,59.0,At-Risk
INV000440,162.0,At-Risk
INV000441,151.0,At-Risk
INV000442,375.0,At-Risk
INV000443,373.0,At-Risk
INV000444,129.0,At-Risk
INV000445,129.0,At-Risk
INV000446,101.0,At-Risk
INV000449,70.0,At-Risk
INV000450,,Active
INV000452,123.0,At-Risk
INV000453,243.0,At-Risk
INV000454,420.0,At-Risk
INV000455,75.0,At-Risk
INV000456,75.0,At-Risk
INV000457,256.0,At-Risk
INV000458,187.0,At-Risk
INV000459,195.0,At-Risk
INV000460,107.0,At-Risk
INV000461,90.0,At-Risk
INV000462,79.0,At-Risk
INV000463,181.0,At-Risk
INV000465,236.0,At-Risk
INV000466,135.0,At-Risk
INV000467,272.0,At-Risk
INV000468,,Active
INV000469,183.0,At-Risk
INV000470,401.0,At-Risk
INV000471,185.0,At-Risk
INV000472,,Active
INV000473,245.0,At-Risk
INV000474,203.0,At-Risk
INV000475,90.0,At-Risk
INV000476,18.0,Active
INV000477,,Active
INV000478,61.0,At-Risk
INV000479,99.0,At-Risk
INV000480,189.0,At-Risk
INV000481,286.0,At-Risk
INV000482,202.0,At-Risk
INV000483,252.0,At-Risk
INV000484,,Active
INV000485,270.0,At-Risk
INV000487,215.0,At-Risk
INV000488,222.0,At-Risk
INV000489,76.0,At-Risk
INV000490,231.0,At-Risk
INV000491,202.0,At-Risk
INV000492,286.0,At-Risk
INV000493,201.0,At-Risk
INV000494,162.0,At-Risk
INV000495,64.0,At-Risk
INV000496,175.0,At-Risk
INV000497,191.0,At-Risk
INV000498,,Active
INV000499,157.0,At-Risk
INV000500,193.0,At-Risk
INV000501,129.0,At-Risk
INV000502,,Active
INV000503,,Active
INV000504,,Active
INV000505,120.0,At-Risk
INV000506,80.0,At-Risk
INV000507,249.0,At-Risk
INV000509,107.0,At-Risk
INV000510,190.0,At-Risk
INV000511,206.0,At-Risk
INV000512,112.0,At-Risk
INV000513,103.0,At-Risk
INV000514,158.0,At-Risk
INV000516,,Active
INV000517,39.0,At-Risk
INV000518,,Active
INV000519,208.0,At-Risk
INV000520,89.0,At-Risk
INV000521,73.0,At-Risk
INV000522,309.0,At-Risk
INV000523,206.0,At-Risk
INV000524,91.0,At-Risk
INV000525,126.0,At-Risk
INV000526,58.0,At-Risk
INV000527,116.0,At-Risk
INV000528,,Active
INV000529,110.0,At-Risk
INV000530,142.0,At-Risk
INV000531,82.0,At-Risk
INV000532,102.0,At-Risk
INV000533,225.0,At-Risk
INV000534,,Active
INV000535,349.0,At-Risk
INV000536,25.0,Active
INV000537,200.0,At-Risk
INV000538,60.0,At-Risk
INV000539,153.0,At-Risk
INV000540,123.0,At-Risk
INV000541,56.0,At-Risk
INV000542,336.0,At-Risk
INV000543,218.0,At-Risk
INV000544,159.0,At-Risk
INV000545,181.0,At-Risk
INV000546,154.0,At-Risk
INV000547,140.0,At-Risk
INV000548,245.0,At-Risk
INV000549,146.0,At-Risk
INV000550,410.0,At-Risk
INV000551,192.0,At-Risk
INV000552,191.0,At-Risk
INV000553,172.0,At-Risk
INV000554,171.0,At-Risk
INV000555,58.0,At-Risk
INV000556,156.0,At-Risk
INV000557,294.0,At-Risk
INV000558,113.0,At-Risk
INV000559,72.0,At-Risk
INV000560,70.0,At-Risk
INV000561,,Active
INV000562,197.0,At-Risk
INV000563,198.0,At-Risk
INV000564,162.0,At-Risk
INV000565,181.0,At-Risk
INV000566,119.0,At-Risk
INV000567,166.0,At-Risk
INV000568,180.0,At-Risk
INV000569,285.0,At-Risk
INV000570,186.0,At-Risk
INV000571,,Active
INV000572,261.0,At-Risk
INV000573,154.0,At-Risk
INV000574,6.0,Active
INV000575,155.0,At-Risk
INV000576,190.0,At-Risk
INV000577,81.0,At-Risk
INV000578,164.0,At-Risk
INV000579,,Active
INV000580,158.0,At-Risk
INV000581,160.0,At-Risk
INV000583,55.0,At-Risk
INV000584,191.0,At-Risk
INV000585,121.0,At-Risk
INV000586,111.0,At-Risk
INV000587,112.0,At-Risk
INV000588,,Active
INV000589,90.0,At-Risk
INV000590,182.0,At-Risk
INV000591,112.0,At-Risk
INV000592,268.0,At-Risk
INV000593,179.0,At-Risk
INV000594,,Active
INV000595,174.0,At-Risk
INV000596,140.0,At-Risk
INV000597,198.0,At-Risk
INV000598,188.0,At-Risk
INV000599,171.0,At-Risk
INV000600,156.0,At-Risk
INV000601,119.0,At-Risk
INV000602,229.0,At-Risk
INV000603,236.0,At-Risk
INV000604,194.0,At-Risk
INV000605,,Active
INV000606,215.0,At-Risk
INV000607,209.0,At-Risk
INV000608,324.0,At-Risk
INV000609,87.0,At-Risk
INV000611,121.0,At-Risk
INV000612,169.0,At-Risk
INV000613,236.0,At-Risk
INV000614,3.0,Active
INV000615,139.0,At-Risk
INV000616,230.0,At-Risk
INV000617,,Active
INV000618,7.0,Active
INV000619,73.0,At-Risk
INV000620,,Active
INV000621,350.0,At-Risk
INV000622,293.0,At-Risk
INV000623,238.0,At-Risk
INV000624,53.0,At-Risk
INV000625,134.0,At-Risk
INV000626,187.0,At-Risk
INV000627,,Active
INV000628,304.0,At-Risk
INV000629,276.0,At-Risk
INV000630,161.0,At-Risk
INV000631,145.0,At-Risk
INV000632,,Active
INV000633,183.0,At-Risk
INV000634,147.0,At-Risk
INV000635,240.0,At-Risk
INV000636,77.0,At-Risk
INV000637,48.0,At-Risk
INV000638,246.0,At-Risk
INV000639,129.0,At-Risk
INV000640,,Active
INV000641,126.0,At-Risk
INV000642,139.0,At-Risk
INV000643,299.0,At-Risk
INV000644,13.0,Active
INV000645,127.0,At-Risk
INV000646,138.0,At-Risk
INV000647,,Active
INV000648,88.0,At-Risk
INV000649,294.0,At-Risk
INV000650,260.0,At-Risk
INV000651,304.0,At-Risk
INV000652,262.0,At-Risk
INV000653,164.0,At-Risk
INV000654,,Active
INV000656,197.0,At-Risk
INV000657,106.0,At-Risk
INV000658,191.0,At-Risk
INV000659,228.0,At-Risk
INV000660,102.0,At-Risk
INV000661,227.0,At-Risk
INV000662,185.0,At-Risk
INV000663,247.0,At-Risk
INV000664,149.0,At-Risk
INV000665,148.0,At-Risk
INV000666,170.0,At-Risk
INV000667,134.0,At-Risk
INV000668,339.0,At-Risk
INV000669,,Active
INV000670,143.0,At-Risk
INV000671,218.0,At-Risk
INV000672,33.0,Active
INV000673,235.0,At-Risk
INV000674,,Active
INV000675,155.0,At-Risk
INV000676,106.0,At-Risk
INV000677,,Active
INV000678,140.0,At-Risk
INV000679,123.0,At-Risk
INV000680,158.0,At-Risk
INV000681,246.0,At-Risk
INV000682,374.0,At-Risk
INV000683,137.0,At-Risk
INV000684,212.0,At-Risk
INV000685,,Active
INV000686,,Active
INV000687,223.0,At-Risk
INV000688,81.0,At-Risk
INV000689,110.0,At-Risk
INV000690,134.0,At-Risk
INV000691,163.0,At-Risk
INV000692,,Active
INV000693,378.0,At-Risk
INV000695,229.0,At-Risk
INV000696,193.0,At-Risk
INV000698,219.0,At-Risk
INV000699,147.0,At-Risk
INV000700,93.0,At-Risk
INV000701,298.0,At-Risk
INV000702,287.0,At-Risk
INV000703,286.0,At-Risk
INV000704,246.0,At-Risk
INV000705,247.0,At-Risk
INV000706,221.0,At-Risk
INV000707,106.0,At-Risk
INV000708,222.0,At-Risk
INV000709,128.0,At-Risk
INV000710,264.0,At-Risk
INV000711,247.0,At-Risk
INV000713,177.0,At-Risk
INV000714,95.0,At-Risk
INV000715,154.0,At-Risk
INV000716,,Active
INV000717,282.0,At-Risk
INV000718,118.0,At-Risk
INV000719,185.0,At-Risk
INV000720,217.0,At-Risk
INV000721,67.0,At-Risk
INV000722,179.0,At-Risk
INV000723,398.0,At-Risk
INV000724,227.0,At-Risk
INV000725,92.0,At-Risk
INV000726,151.0,At-Risk
INV000727,25.0,Active
INV000728,85.0,At-Risk
INV000729,196.0,At-Risk
INV000730,,Active
INV000731,19.0,Active
INV000732,130.0,At-Risk
INV000733,355.0,At-Risk
INV000734,180.0,At-Risk
INV000735,306.0,At-Risk
INV000736,181.0,At-Risk
INV000737,168.0,At-Risk
INV000738,63.0,At-Risk
INV000739,82.0,At-Risk
INV000740,,Active
INV000741,151.0,At-Risk
INV000742,213.0,At-Risk
INV000743,243.0,At-Risk
INV000744,135.0,At-Risk
INV000745,309.0,At-Risk
INV000746,209.0,At-Risk
INV000747,205.0,At-Risk
INV000748,175.0,At-Risk
INV000749,190.0,At-Risk
INV000750,84.0,At-Risk
INV000751,193.0,At-Risk
INV000752,269.0,At-Risk
INV000753,186.0,At-Risk
INV000754,103.0,At-Risk
INV000755,229.0,At-Risk
INV000756,157.0,At-Risk
INV000757,226.0,At-Risk
INV000758,223.0,At-Risk
INV000759,156.0,At-Risk
INV000760,148.0,At-Risk
INV000761,173.0,At-Risk
INV000762,118.0,At-Risk
INV000763,,Active
INV000764,299.0,At-Risk
INV000765,142.0,At-Risk
INV000766,247.0,At-Risk
INV000767,227.0,At-Risk
INV000768,124.0,At-Risk
INV000769,206.0,At-Risk
INV000770,,Active
INV000771,176.0,At-Risk
INV000772,81.0,At-Risk
INV000774,169.0,At-Risk
INV000775,151.0,At-Risk
INV000776,116.0,At-Risk
INV000777,121.0,At-Risk
INV000778,182.0,At-Risk
INV000779,153.0,At-Risk
INV000780,,Active
INV000781,191.0,At-Risk
INV000782,105.0,At-Risk
INV000783,187.0,At-Risk
INV000784,435.0,At-Risk
INV000785,66.0,At-Risk
INV000786,199.0,At-Risk
INV000787,,Active
INV000788,159.0,At-Risk
INV000789,225.0,At-Risk
INV000790,,Active
INV000791,188.0,At-Risk
INV000792,271.0,At-Risk
INV000793,149.0,At-Risk
INV000794,,Active
INV000795,,Active
INV000796,255.0,At-Risk
INV000797,382.0,At-Risk
INV000798,,Active
INV000799,249.0,At-Risk
INV000800,333.0,At-Risk
INV000801,131.0,At-Risk
INV000802,,Active
INV000803,147.0,At-Risk
INV000804,261.0,At-Risk
INV000806,113.0,At-Risk
INV000808,292.0,At-Risk
INV000809,262.0,At-Risk
INV000810,133.0,At-Risk
INV000811,291.0,At-Risk
INV000813,319.0,At-Risk
INV000814,195.0,At-Risk
INV000815,266.0,At-Risk
INV000816,216.0,At-Risk
INV000818,422.0,At-Risk
INV000819,116.0,At-Risk
INV000820,207.0,At-Risk
INV000821,53.0,At-Risk
INV000822,141.0,At-Risk
INV000823,69.0,At-Risk
INV000824,383.0,At-Risk
INV000825,190.0,At-Risk
INV000826,398.0,At-Risk
INV000827,122.0,At-Risk
INV000828,,Active
INV000829,194.0,At-Risk
INV000830,165.0,At-Risk
INV000831,134.0,At-Risk
INV000832,251.0,At-Risk
INV000833,182.0,At-Risk
INV000834,241.0,At-Risk
INV000835,,Active
INV000836,123.0,At-Risk
INV000837,,Active
INV000838,176.0,At-Risk
INV000839,,Active
INV000840,280.0,At-Risk
INV000841,277.0,At-Risk
INV000842,,Active
INV000843,102.0,At-Risk
INV000844,151.0,At-Risk
INV000845,201.0,At-Risk
INV000846,272.0,At-Risk
INV000847,75.0,At-Risk
INV000848,,Active
INV000849,97.0,At-Risk
INV000850,60.0,At-Risk
INV000851,217.0,At-Risk
INV000852,363.0,At-Risk
INV000853,193.0,At-Risk
INV000854,170.0,At-Risk
INV000855,355.0,At-Risk
INV000856,128.0,At-Risk
INV000857,34.0,Active
INV000858,157.0,At-Risk
INV000859,264.0,At-Risk
INV000860,231.0,At-Risk
INV000861,325.0,At-Risk
INV000862,372.0,At-Risk
INV000863,,Active
INV000864,106.0,At-Risk
INV000865,99.0,At-Risk
INV000866,,Active
INV000867,234.0,At-Risk
INV000868,,Active
INV000869,100.0,At-Risk
INV000870,94.0,At-Risk
INV000871,,Active
INV000872,,Active
INV000873,299.0,At-Risk
INV000874,149.0,At-Risk
INV000875,,Active
INV000876,66.0,At-Risk
INV000877,159.0,At-Risk
INV000878,66.0,At-Risk
INV000879,108.0,At-Risk
INV000880,274.0,At-Risk
INV000881,155.0,At-Risk
INV000882,,Active
INV000883,257.0,At-Risk
INV000884,38.0,At-Risk
INV000885,261.0,At-Risk
INV000886,,Active
INV000887,268.0,At-Risk
INV000888,166.0,At-Risk
INV000889,263.0,At-Risk
INV000890,34.0,Active
INV000891,279.0,At-Risk
INV000892,302.0,At-Risk
INV000893,147.0,At-Risk
INV000894,105.0,At-Risk
INV000895,306.0,At-Risk
INV000896,173.0,At-Risk
INV000897,159.0,At-Risk
INV000898,5.0,Active
INV000899,,Active
INV000900,131.0,At-Risk
INV000901,95.0,At-Risk
INV000902,83.0,At-Risk
INV000904,208.0,At-Risk
INV000905,,Active
INV000906,282.0,At-Risk
INV000907,139.0,At-Risk
INV000908,57.0,At-Risk
INV000909,151.0,At-Risk
INV000910,151.0,At-Risk
INV000911,,Active
INV000912,175.0,At-Risk
INV000913,242.0,At-Risk
INV000914,170.0,At-Risk
INV000915,178.0,At-Risk
INV000916,,Active
INV000918,56.0,At-Risk
INV000919,204.0,At-Risk
INV000920,220.0,At-Risk
INV000921,290.0,At-Risk
INV000922,126.0,At-Risk
INV000923,,Active
INV000924,,Active
INV000925,135.0,At-Risk
INV000926,111.0,At-Risk
INV000927,74.0,At-Risk
INV000928,,Active
INV000929,116.0,At-Risk
INV000930,118.0,At-Risk
INV000931,124.0,At-Risk
INV000933,326.0,At-Risk
INV000934,59.0,At-Risk
INV000935,73.0,At-Risk
INV000936,,Active
INV000937,,Active
INV000938,153.0,At-Risk
INV000939,154.0,At-Risk
INV000940,,Active
INV000941,455.0,At-Risk
INV000942,92.0,At-Risk
INV000943,,Active
INV000944,282.0,At-Risk
INV000945,,Active
INV000946,234.0,At-Risk
INV000947,221.0,At-Risk
INV000948,17.0,Active
INV000949,135.0,At-Risk
INV000950,215.0,At-Risk
INV000951,,Active
INV000953,185.0,At-Risk
INV000954,244.0,At-Risk
INV000955,267.0,At-Risk
INV000956,,Active
INV000957,237.0,At-Risk
INV000958,315.0,At-Risk
INV000959,84.0,At-Risk
INV000960,218.0,At-Risk
INV000961,240.0,At-Risk
INV000962,166.0,At-Risk
INV000963,231.0,At-Risk
INV000964,59.0,At-Risk
INV000965,,Active
INV000966,119.0,At-Risk
INV000967,47.0,At-Risk
INV000968,302.0,At-Risk
INV000969,201.0,At-Risk
INV000970,60.0,At-Risk
INV000971,139.0,At-Risk
INV000972,77.0,At-Risk
INV000974,143.0,At-Risk
INV000975,,Active
INV000977,147.0,At-Risk
INV000978,177.0,At-Risk
INV000979,115.0,At-Risk
INV000980,121.0,At-Risk
INV000981,104.0,At-Risk
INV000982,70.0,At-Risk
INV000983,198.0,At-Risk
INV000984,150.0,At-Risk
INV000985,223.0,At-Risk
INV000986,182.0,At-Risk
INV000987,132.0,At-Risk
INV000988,,Active
INV000989,426.0,At-Risk
INV000990,263.0,At-Risk
INV000991,,Active
INV000992,240.0,At-Risk
INV000993,,Active
INV000994,167.0,At-Risk
INV000995,24.0,Active
INV000997,156.0,At-Risk
INV000998,113.0,At-Risk
INV000999,145.0,At-Risk
INV001001,137.0,At-Risk
INV001002,85.0,At-Risk
INV001003,138.0,At-Risk
INV001004,147.0,At-Risk
INV001005,206.0,At-Risk
INV001006,142.0,At-Risk
INV001007,,Active
INV001008,191.0,At-Risk
INV001009,176.0,At-Risk
INV001010,,Active
INV001011,418.0,At-Risk
INV001012,102.0,At-Risk
INV001013,164.0,At-Risk
INV001014,357.0,At-Risk
INV001015,85.0,At-Risk
INV001016,199.0,At-Risk
INV001017,142.0,At-Risk
INV001019,180.0,At-Risk
INV001020,54.0,At-Risk
INV001021,186.0,At-Risk
INV001023,202.0,At-Risk
INV001024,306.0,At-Risk
INV001025,76.0,At-Risk
INV001026,132.0,At-Risk
INV001027,149.0,At-Risk
INV001028,182.0,At-Risk
INV001029,168.0,At-Risk
INV001030,,Active
INV001031,415.0,At-Risk
INV001032,,Active
INV001033,,Active
INV001034,182.0,At-Risk
INV001035,,Active
INV001036,296.0,At-Risk
INV001037,86.0,At-Risk
INV001038,113.0,At-Risk
INV001039,187.0,At-Risk
INV001040,132.0,At-Risk
INV001041,195.0,At-Risk
INV001042,200.0,At-Risk
INV001043,235.0,At-Risk
INV001044,117.0,At-Risk
INV001045,191.0,At-Risk
INV001046,36.0,At-Risk
INV001047,142.0,At-Risk
INV001048,84.0,At-Risk
INV001049,177.0,At-Risk
INV001050,156.0,At-Risk
INV001051,139.0,At-Risk
INV001052,285.0,At-Risk
INV001053,116.0,At-Risk
INV001054,183.0,At-Risk
INV001055,177.0,At-Risk
INV001056,,Active
INV001057,228.0,At-Risk
INV001058,109.0,At-Risk
INV001059,333.0,At-Risk
INV001060,89.0,At-Risk
INV001061,141.0,At-Risk
INV001062,201.0,At-Risk
INV001063,120.0,At-Risk
INV001064,160.0,At-Risk
INV001065,253.0,At-Risk
INV001066,32.0,Active
INV001067,246.0,At-Risk
INV001068,261.0,At-Risk
INV001069,98.0,At-Risk
INV001070,329.0,At-Risk
INV001071,23.0,Active
INV001072,128.0,At-Risk
INV001073,14.0,Active
INV001074,119.0,At-Risk
INV001075,105.0,At-Risk
INV001076,298.0,At-Risk
INV001077,191.0,At-Risk
INV001079,308.0,At-Risk
INV001080,54.0,At-Risk
INV001081,395.0,At-Risk
INV001082,209.0,At-Risk
INV001083,117.0,At-Risk
INV001084,,Active
INV001085,155.0,At-Risk
INV001086,112.0,At-Risk
INV001087,175.0,At-Risk
INV001088,163.0,At-Risk
INV001089,,Active
INV001090,,Active
INV001091,138.0,At-Risk
INV001092,186.0,At-Risk
INV001093,134.0,At-Risk
INV001094,145.0,At-Risk
INV001095,244.0,At-Risk
INV001096,176.0,At-Risk
INV001099,63.0,At-Risk
INV001100,,Active
INV001101,189.0,At-Risk
INV001102,87.0,At-Risk
INV001103,142.0,At-Risk
INV001104,,Active
INV001105,,Active
INV001106,300.0,At-Risk
INV001107,72.0,At-Risk
INV001108,199.0,At-Risk
INV001109,118.0,At-Risk
INV001110,147.0,At-Risk
INV001111,201.0,At-Risk
INV001112,66.0,At-Risk
INV001113,73.0,At-Risk
INV001114,406.0,At-Risk
INV001115,290.0,At-Risk
INV001116,194.0,At-Risk
INV001117,137.0,At-Risk
INV001118,204.0,At-Risk
INV001119,327.0,At-Risk
INV001120,72.0,At-Risk
INV001121,197.0,At-Risk
INV001122,309.0,At-Risk
INV001123,203.0,At-Risk
INV001124,159.0,At-Risk
INV001126,23.0,Active
INV001127,189.0,At-Risk
INV001128,122.0,At-Risk
INV001129,,Active
INV001130,131.0,At-Risk
INV001131,191.0,At-Risk
INV001132,,Active
INV001133,112.0,At-Risk
INV001134,,Active
INV001136,58.0,At-Risk
INV001137,120.0,At-Risk
INV001138,351.0,At-Risk
INV001139,325.0,At-Risk
INV001140,125.0,At-Risk
INV001141,132.0,At-Risk
INV001142,106.0,At-Risk
INV001143,146.0,At-Risk
INV001144,194.0,At-Risk
INV001145,39.0,At-Risk
INV001146,,Active
INV001148,151.0,At-Risk
INV001149,276.0,At-Risk
INV001150,228.0,At-Risk
INV001151,302.0,At-Risk
INV001152,128.0,At-Risk
INV001153,,Active
INV001154,308.0,At-Risk
INV001155,131.0,At-Risk
INV001156,175.0,At-Risk
INV001157,98.0,At-Risk
INV001158,256.0,At-Risk
INV001159,,Active
INV001160,99.0,At-Risk
INV001161,159.0,At-Risk
INV001163,255.0,At-Risk
INV001164,202.0,At-Risk
INV001165,103.0,At-Risk
INV001166,299.0,At-Risk
INV001167,207.0,At-Risk
INV001168,161.0,At-Risk
INV001169,272.0,At-Risk
INV001170,119.0,At-Risk
INV001171,123.0,At-Risk
INV001172,107.0,At-Risk
INV001173,146.0,At-Risk
INV001174,266.0,At-Risk
INV001175,116.0,At-Risk
INV001176,81.0,At-Risk
INV001177,,Active
INV001178,140.0,At-Risk
INV001179,,Active
INV001180,198.0,At-Risk
INV001181,163.0,At-Risk
INV001182,10.0,Active
INV001183,145.0,At-Risk
INV001184,,Active
INV001185,208.0,At-Risk
INV001186,118.0,At-Risk
INV001187,,Active
INV001188,,Active
INV001189,71.0,At-Risk
INV001190,198.0,At-Risk
INV001191,48.0,At-Risk
INV001192,143.0,At-Risk
INV001193,100.0,At-Risk
INV001194,159.0,At-Risk
INV001195,167.0,At-Risk
INV001196,169.0,At-Risk
INV001197,186.0,At-Risk
INV001198,168.0,At-Risk
INV001199,143.0,At-Risk
INV001200,354.0,At-Risk
INV001201,,Active
INV001202,103.0,At-Risk
INV001203,225.0,At-Risk
INV001204,246.0,At-Risk
INV001205,,Active
INV001206,190.0,At-Risk
INV001207,166.0,At-Risk
INV001208,107.0,At-Risk
INV001209,88.0,At-Risk
INV001210,93.0,At-Risk
INV001211,,Active
INV001212,130.0,At-Risk
INV001213,250.0,At-Risk
INV001214,,Active
INV001215,332.0,At-Risk
INV001216,362.0,At-Risk
INV001217,205.0,At-Risk
INV001218,247.0,At-Risk
INV001219,118.0,At-Risk
INV001220,104.0,At-Risk
INV001221,182.0,At-Risk
INV001222,202.0,At-Risk
INV001223,175.0,At-Risk
INV001224,113.0,At-Risk
INV001225,181.0,At-Risk
INV001226,,Active
INV001227,138.0,At-Risk
INV001228,142.0,At-Risk
INV001229,103.0,At-Risk
INV001230,104.0,At-Risk
INV001231,,Active
INV001232,207.0,At-Risk
INV001233,189.0,At-Risk
INV001234,119.0,At-Risk
INV001235,161.0,At-Risk
INV001236,178.0,At-Risk
INV001237,182.0,At-Risk
INV001238,220.0,At-Risk
INV001239,,Active
INV001240,,Active
INV001241,102.0,At-Risk
INV001242,128.0,At-Risk
INV001243,,Active
INV001244,77.0,At-Risk
INV001245,,Active
INV001246,184.0,At-Risk
INV001247,139.0,At-Risk
INV001248,,Active
INV001249,189.0,At-Risk
INV001250,353.0,At-Risk
INV001251,223.0,At-Risk
INV001254,124.0,At-Risk
INV001255,304.0,At-Risk
INV001256,308.0,At-Risk
INV001257,198.0,At-Risk
INV001258,58.0,At-Risk
INV001259,298.0,At-Risk
INV001260,163.0,At-Risk
INV001261,140.0,At-Risk
INV001262,116.0,At-Risk
INV001263,139.0,At-Risk
INV001264,179.0,At-Risk
INV001265,217.0,At-Risk
INV001266,,Active
INV001267,293.0,At-Risk
INV001269,231.0,At-Risk
INV001270,,Active
INV001271,140.0,At-Risk
INV001273,332.0,At-Risk
INV001274,161.0,At-Risk
INV001275,140.0,At-Risk
INV001276,226.0,At-Risk
INV001277,420.0,At-Risk
INV001279,417.0,At-Risk
INV001280,8.0,Active
INV001281,323.0,At-Risk
INV001282,196.0,At-Risk
INV001284,228.0,At-Risk
INV001285,,Active
INV001286,26.0,Active
INV001287,157.0,At-Risk
INV001288,148.0,At-Risk
INV001289,221.0,At-Risk
INV001290,294.0,At-Risk
INV001291,181.0,At-Risk
INV001292,116.0,At-Risk
INV001294,,Active
INV001295,165.0,At-Risk
INV001296,,Active
INV001297,247.0,At-Risk
INV001298,158.0,At-Risk
INV001299,121.0,At-Risk
INV001300,115.0,At-Risk
INV001301,,Active
INV001302,,Active
INV001304,177.0,At-Risk
INV001305,42.0,At-Risk
INV001306,92.0,At-Risk
INV001307,304.0,At-Risk
INV001308,147.0,At-Risk
INV001309,,Active
INV001310,232.0,At-Risk
INV001311,192.0,At-Risk
INV001312,130.0,At-Risk
INV001313,,Active
INV001314,130.0,At-Risk
INV001315,124.0,At-Risk
INV001316,198.0,At-Risk
INV001317,162.0,At-Risk
INV001318,150.0,At-Risk
INV001319,76.0,At-Risk
INV001320,94.0,At-Risk
INV001321,123.0,At-Risk
INV001322,149.0,At-Risk
INV001323,,Active
INV001324,,Active
INV001325,437.0,At-Risk
INV001326,182.0,At-Risk
INV001327,,Active
INV001328,71.0,At-Risk
INV001329,97.0,At-Risk
INV001330,164.0,At-Risk
INV001331,202.0,At-Risk
INV001332,179.0,At-Risk
INV001333,185.0,At-Risk
INV001334,159.0,At-Risk
INV001335,,Active
INV001336,198.0,At-Risk
INV001337,167.0,At-Risk
INV001338,,Active
INV001339,,Active
INV001340,,Active
INV001341,202.0,At-Risk
INV001342,261.0,At-Risk
INV001343,159.0,At-Risk
INV001344,,Active
INV001345,269.0,At-Risk
INV001346,137.0,At-Risk
INV001347,265.0,At-Risk
INV001348,121.0,At-Risk
INV001349,,Active
INV001350,411.0,At-Risk
INV001351,208.0,At-Risk
INV001352,34.0,Active
INV001353,134.0,At-Risk
INV001354,327.0,At-Risk
INV001355,187.0,At-Risk
INV001356,191.0,At-Risk
INV001357,133.0,At-Risk
INV001358,,Active
INV001359,313.0,At-Risk
INV001360,,Active
INV001361,103.0,At-Risk
INV001362,37.0,At-Risk
INV001363,217.0,At-Risk
INV001365,100.0,At-Risk
INV001366,181.0,At-Risk
INV001367,222.0,At-Risk
INV001368,,Active
INV001369,222.0,At-Risk
INV001370,164.0,At-Risk
INV001371,,Active
INV001372,199.0,At-Risk
INV001373,154.0,At-Risk
INV001374,33.0,Active
INV001375,176.0,At-Risk
INV001376,181.0,At-Risk
INV001377,103.0,At-Risk
INV001378,,Active
INV001379,74.0,At-Risk
INV001380,,Active
INV001382,292.0,At-Risk
INV001383,117.0,At-Risk
INV001384,173.0,At-Risk
INV001385,305.0,At-Risk
INV001386,201.0,At-Risk
INV001387,130.0,At-Risk
INV001388,262.0,At-Risk
INV001389,,Active
INV001390,400.0,At-Risk
INV001391,114.0,At-Risk
INV001392,108.0,At-Risk
INV001393,208.0,At-Risk
INV001394,171.0,At-Risk
INV001395,197.0,At-Risk
INV001396,122.0,At-Risk
INV001397,230.0,At-Risk
INV001398,301.0,At-Risk
INV001399,135.0,At-Risk
INV001400,266.0,At-Risk
INV001401,197.0,At-Risk
INV001402,328.0,At-Risk
INV001403,,Active
INV001404,201.0,At-Risk
INV001405,288.0,At-Risk
INV001406,202.0,At-Risk
INV001407,141.0,At-Risk
INV001408,46.0,At-Risk
INV001409,70.0,At-Risk
INV001410,164.0,At-Risk
INV001411,273.0,At-Risk
INV001412,141.0,At-Risk
INV001413,125.0,At-Risk
INV001414,,Active
INV001415,173.0,At-Risk
INV001416,303.0,At-Risk
INV001417,,Active
INV001418,187.0,At-Risk
INV001419,137.0,At-Risk
INV001420,272.0,At-Risk
INV001421,164.0,At-Risk
INV001422,43.0,At-Risk
INV001423,105.0,At-Risk
INV001424,231.0,At-Risk
INV001425,445.0,At-Risk
INV001426,,Active
INV001427,,Active
INV001428,174.0,At-Risk
INV001429,,Active
INV001430,,Active
INV001431,98.0,At-Risk
INV001432,175.0,At-Risk
INV001433,112.0,At-Risk
INV001434,178.0,At-Risk
INV001435,36.0,At-Risk
INV001436,37.0,At-Risk
INV001437,,Active
INV001438,,Active
INV001439,224.0,At-Risk
INV001440,226.0,At-Risk
INV001441,60.0,At-Risk
INV001442,238.0,At-Risk
INV001443,126.0,At-Risk
INV001444,54.0,At-Risk
INV001445,78.0,At-Risk
INV001446,139.0,At-Risk
INV001447,257.0,At-Risk
INV001448,96.0,At-Risk
INV001449,126.0,At-Risk
INV001450,73.0,At-Risk
INV001451,,Active
INV001452,78.0,At-Risk
INV001453,157.0,At-Risk
INV001454,176.0,At-Risk
INV001455,153.0,At-Risk
INV001456,200.0,At-Risk
INV001457,63.0,At-Risk
INV001458,101.0,At-Risk
INV001459,,Active
INV001460,154.0,At-Risk
INV001461,43.0,At-Risk
INV001462,209.0,At-Risk
INV001463,71.0,At-Risk
INV001464,,Active
INV001465,273.0,At-Risk
INV001466,82.0,At-Risk
INV001467,321.0,At-Risk
INV001468,6.0,Active
INV001469,,Active
INV001470,299.0,At-Risk
INV001472,141.0,At-Risk
INV001473,431.0,At-Risk
INV001474,,Active
INV001475,131.0,At-Risk
INV001476,367.0,At-Risk
INV001477,,Active
INV001478,200.0,At-Risk
INV001479,204.0,At-Risk
INV001480,172.0,At-Risk
INV001481,241.0,At-Risk
INV001482,280.0,At-Risk
INV001483,179.0,At-Risk
INV001484,18.0,Active
INV001485,150.0,At-Risk
INV001486,,Active
INV001487,112.0,At-Risk
INV001488,298.0,At-Risk
INV001489,162.0,At-Risk
INV001491,260.0,At-Risk
INV001492,208.0,At-Risk
INV001494,254.0,At-Risk
INV001495,16.0,Active
INV001496,165.0,At-Risk
INV001497,138.0,At-Risk
INV001498,,Active
INV001499,126.0,At-Risk
INV001500,112.0,At-Risk
INV001501,226.0,At-Risk
INV001502,,Active
INV001503,144.0,At-Risk
INV001504,134.0,At-Risk
INV001505,296.0,At-Risk
INV001506,237.0,At-Risk
INV001507,167.0,At-Risk
INV001508,373.0,At-Risk
INV001509,,Active
INV001510,124.0,At-Risk
INV001511,,Active
INV001512,195.0,At-Risk
INV001513,95.0,At-Risk
INV001514,72.0,At-Risk
INV001515,253.0,At-Risk
INV001516,85.0,At-Risk
INV001518,90.0,At-Risk
INV001519,79.0,At-Risk
INV001520,,Active
INV001521,207.0,At-Risk
INV001522,205.0,At-Risk
INV001524,210.0,At-Risk
INV001525,103.0,At-Risk
INV001526,134.0,At-Risk
INV001527,,Active
INV001528,254.0,At-Risk
INV001529,,Active
INV001530,122.0,At-Risk
INV001531,139.0,At-Risk
INV001532,101.0,At-Risk
INV001534,213.0,At-Risk
INV001535,421.0,At-Risk
INV001536,189.0,At-Risk
INV001537,88.0,At-Risk
INV001538,175.0,At-Risk
INV001539,306.0,At-Risk
INV001540,325.0,At-Risk
INV001542,119.0,At-Risk
INV001543,252.0,At-Risk
INV001544,241.0,At-Risk
INV001545,208.0,At-Risk
INV001547,119.0,At-Risk
INV001548,197.0,At-Risk
INV001549,78.0,At-Risk
INV001550,191.0,At-Risk
INV001551,131.0,At-Risk
INV001552,,Active
INV001553,151.0,At-Risk
INV001554,5.0,Active
INV001555,199.0,At-Risk
INV001556,128.0,At-Risk
INV001557,371.0,At-Risk
INV001558,156.0,At-Risk
INV001560,400.0,At-Risk
INV001561,198.0,At-Risk
INV001562,146.0,At-Risk
INV001563,,Active
INV001564,157.0,At-Risk
INV001566,256.0,At-Risk
INV001567,92.0,At-Risk
INV001568,,Active
INV001569,314.0,At-Risk
INV001570,304.0,At-Risk
INV001571,,Active
INV001572,,Active
INV001573,109.0,At-Risk
INV001574,118.0,At-Risk
INV001575,155.0,At-Risk
INV001576,169.0,At-Risk
INV001577,,Active
INV001578,,Active
INV001579,193.0,At-Risk
INV001580,119.0,At-Risk
INV001581,,Active
INV001582,,Active
INV001583,112.0,At-Risk
INV001584,62.0,At-Risk
INV001585,182.0,At-Risk
INV001586,164.0,At-Risk
INV001587,144.0,At-Risk
INV001588,101.0,At-Risk
INV001589,,Active
INV001590,253.0,At-Risk
INV001591,69.0,At-Risk
INV001592,4.0,Active
INV001593,,Active
INV001594,122.0,At-Risk
INV001595,194.0,At-Risk
INV001596,,Active
INV001597,165.0,At-Risk
INV001598,112.0,At-Risk
INV001599,133.0,At-Risk
INV001600,260.0,At-Risk
INV001601,,Active
INV001602,294.0,At-Risk
INV001603,93.0,At-Risk
INV001604,72.0,At-Risk
INV001605,136.0,At-Risk
INV001606,148.0,At-Risk
INV001607,462.0,At-Risk
INV001608,117.0,At-Risk
INV001609,164.0,At-Risk
INV001611,160.0,At-Risk
INV001612,175.0,At-Risk
INV001613,,Active
INV001614,27.0,Active
INV001615,230.0,At-Risk
INV001616,117.0,At-Risk
INV001617,,Active
INV001618,201.0,At-Risk
INV001619,226.0,At-Risk
INV001620,140.0,At-Risk
INV001621,232.0,At-Risk
INV001622,196.0,At-Risk
INV001623,188.0,At-Risk
INV001624,68.0,At-Risk
INV001625,209.0,At-Risk
INV001626,244.0,At-Risk
INV001627,326.0,At-Risk
INV001628,139.0,At-Risk
INV001629,82.0,At-Risk
INV001630,126.0,At-Risk
INV001631,101.0,At-Risk
INV001633,,Active
INV001634,,Active
INV001635,200.0,At-Risk
INV001636,159.0,At-Risk
INV001637,,Active
INV001638,40.0,At-Risk
INV001639,85.0,At-Risk
INV001640,48.0,At-Risk
INV001641,168.0,At-Risk
INV001642,,Active
INV001643,148.0,At-Risk
INV001644,89.0,At-Risk
INV001645,202.0,At-Risk
INV001646,250.0,At-Risk
INV001648,117.0,At-Risk
INV001649,120.0,At-Risk
INV001650,193.0,At-Risk
INV001651,130.0,At-Risk
INV001652,149.0,At-Risk
INV001653,94.0,At-Risk
INV001654,137.0,At-Risk
INV001655,97.0,At-Risk
INV001656,246.0,At-Risk
INV001658,254.0,At-Risk
INV001659,41.0,At-Risk
INV001660,253.0,At-Risk
INV001661,292.0,At-Risk
INV001662,147.0,At-Risk
INV001663,123.0,At-Risk
INV001664,,Active
INV001665,125.0,At-Risk
INV001666,94.0,At-Risk
INV001667,,Active
INV001668,,Active
INV001669,15.0,Active
INV001670,224.0,At-Risk
INV001671,346.0,At-Risk
INV001672,130.0,At-Risk
INV001673,181.0,At-Risk
INV001674,144.0,At-Risk
INV001676,,Active
INV001677,380.0,At-Risk
INV001678,,Active
INV001679,263.0,At-Risk
INV001680,200.0,At-Risk
INV001681,330.0,At-Risk
INV001682,,Active
INV001683,186.0,At-Risk
INV001684,240.0,At-Risk
INV001685,44.0,At-Risk
INV001686,,Active
INV001687,227.0,At-Risk
INV001688,279.0,At-Risk
INV001689,153.0,At-Risk
INV001690,114.0,At-Risk
INV001691,254.0,At-Risk
INV001692,34.0,Active
INV001693,257.0,At-Risk
INV001694,144.0,At-Risk
INV001695,82.0,At-Risk
INV001696,243.0,At-Risk
INV001697,287.0,At-Risk
INV001698,,Active
INV001699,183.0,At-Risk
INV001700,,Active
INV001701,262.0,At-Risk
INV001702,,Active
INV001703,,Active
INV001705,85.0,At-Risk
INV001706,269.0,At-Risk
INV001707,314.0,At-Risk
INV001708,327.0,At-Risk
INV001709,84.0,At-Risk
INV001710,,Active
INV001711,189.0,At-Risk
INV001712,144.0,At-Risk
INV001713,168.0,At-Risk
INV001714,247.0,At-Risk
INV001715,188.0,At-Risk
INV001716,113.0,At-Risk
INV001718,237.0,At-Risk
INV001719,121.0,At-Risk
INV001720,212.0,At-Risk
INV001721,208.0,At-Risk
INV001722,291.0,At-Risk
INV001723,27.0,Active
INV001724,134.0,At-Risk
INV001725,212.0,At-Risk
INV001726,,Active
INV001727,244.0,At-Risk
INV001728,131.0,At-Risk
INV001729,,Active
INV001730,17.0,Active
INV001731,310.0,At-Risk
INV001732,256.0,At-Risk
INV001733,,Active
INV001734,187.0,At-Risk
INV001735,234.0,At-Risk
INV001736,185.0,At-Risk
INV001737,191.0,At-Risk
INV001738,153.0,At-Risk
INV001739,96.0,At-Risk
INV001740,206.0,At-Risk
INV001741,260.0,At-Risk
INV001742,111.0,At-Risk
INV001743,67.0,At-Risk
INV001744,155.0,At-Risk
INV001745,288.0,At-Risk
INV001746,186.0,At-Risk
INV001747,403.0,At-Risk
INV001748,199.0,At-Risk
INV001749,,Active
INV001750,286.0,At-Risk
INV001751,67.0,At-Risk
INV001752,170.0,At-Risk
INV001753,128.0,At-Risk
INV001754,69.0,At-Risk
INV001757,121.0,At-Risk
INV001758,135.0,At-Risk
INV001759,126.0,At-Risk
INV001760,221.0,At-Risk
INV001761,,Active
INV001762,93.0,At-Risk
INV001763,149.0,At-Risk
INV001764,256.0,At-Risk
INV001765,278.0,At-Risk
INV001766,166.0,At-Risk
INV001768,2.0,Active
INV001769,166.0,At-Risk
INV001770,166.0,At-Risk
INV001771,,Active
INV001772,184.0,At-Risk
INV001773,130.0,At-Risk
INV001774,155.0,At-Risk
INV001775,65.0,At-Risk
INV001776,,Active
INV001777,156.0,At-Risk
INV001778,283.0,At-Risk
INV001779,,Active
INV001780,,Active
INV001781,153.0,At-Risk
INV001782,99.0,At-Risk
INV001783,156.0,At-Risk
INV001784,194.0,At-Risk
INV001785,383.0,At-Risk
INV001786,,Active
INV001787,62.0,At-Risk
INV001788,93.0,At-Risk
INV001789,110.0,At-Risk
INV001790,354.0,At-Risk
INV001791,204.0,At-Risk
INV001792,126.0,At-Risk
INV001793,,Active
INV001794,224.0,At-Risk
INV001795,389.0,At-Risk
INV001796,54.0,At-Risk
INV001797,132.0,At-Risk
INV001798,118.0,At-Risk
INV001799,198.0,At-Risk
INV001800,132.0,At-Risk
INV001801,128.0,At-Risk
INV001802,151.0,At-Risk
INV001803,127.0,At-Risk
INV001804,126.0,At-Risk
INV001805,100.0,At-Risk
INV001806,209.0,At-Risk
INV001809,249.0,At-Risk
INV001810,142.0,At-Risk
INV001811,196.0,At-Risk
INV001813,191.0,At-Risk
INV001814,169.0,At-Risk
INV001815,90.0,At-Risk
INV001816,76.0,At-Risk
INV001817,,Active
INV001818,,Active
INV001819,189.0,At-Risk
INV001820,178.0,At-Risk
INV001821,293.0,At-Risk
INV001822,43.0,At-Risk
INV001823,172.0,At-Risk
INV001824,,Active
INV001825,155.0,At-Risk
INV001826,128.0,At-Risk
INV001827,234.0,At-Risk
INV001828,91.0,At-Risk
INV001829,170.0,At-Risk
INV001830,112.0,At-Risk
INV001831,181.0,At-Risk
INV001832,128.0,At-Risk
INV001833,163.0,At-Risk
INV001834,178.0,At-Risk
INV001835,61.0,At-Risk
INV001836,112.0,At-Risk
INV001837,157.0,At-Risk
INV001838,,Active
INV001839,391.0,At-Risk
INV001840,,Active
INV001841,129.0,At-Risk
INV001842,248.0,At-Risk
INV001843,178.0,At-Risk
INV001844,362.0,At-Risk
INV001845,255.0,At-Risk
INV001846,183.0,At-Risk
INV001847,219.0,At-Risk
INV001848,270.0,At-Risk
INV001849,169.0,At-Risk
INV001850,227.0,At-Risk
INV001851,223.0,At-Risk
INV001852,187.0,At-Risk
INV001853,95.0,At-Risk
INV001854,,Active
INV001855,159.0,At-Risk
INV001856,321.0,At-Risk
INV001857,310.0,At-Risk
INV001858,261.0,At-Risk
INV001859,197.0,At-Risk
INV001860,494.0,At-Risk
INV001861,96.0,At-Risk
INV001862,,Active
INV001863,3.0,Active
INV001865,145.0,At-Risk
INV001866,117.0,At-Risk
INV001867,350.0,At-Risk
INV001868,181.0,At-Risk
INV001869,,Active
INV001870,164.0,At-Risk
INV001871,101.0,At-Risk
INV001872,246.0,At-Risk
INV001873,83.0,At-Risk
INV001874,203.0,At-Risk
INV001875,49.0,At-Risk
INV001876,235.0,At-Risk
INV001877,123.0,At-Risk
INV001878,3.0,Active
INV001879,202.0,At-Risk
INV001880,119.0,At-Risk
INV001881,120.0,At-Risk
INV001882,113.0,At-Risk
INV001883,203.0,At-Risk
INV001885,128.0,At-Risk
INV001886,129.0,At-Risk
INV001887,430.0,At-Risk
INV001888,139.0,At-Risk
INV001890,207.0,At-Risk
INV001891,261.0,At-Risk
INV001892,207.0,At-Risk
INV001893,132.0,At-Risk
INV001895,,Active
INV001896,145.0,At-Risk
INV001897,101.0,At-Risk
INV001899,214.0,At-Risk
INV001900,146.0,At-Risk
INV001901,,Active
INV001902,,Active
INV001903,190.0,At-Risk
INV001904,,Active
INV001905,185.0,At-Risk
INV001906,111.0,At-Risk
INV001908,,Active
INV001909,121.0,At-Risk
INV001910,,Active
INV001911,86.0,At-Risk
INV001912,256.0,At-Risk
INV001913,156.0,At-Risk
INV001914,198.0,At-Risk
INV001915,228.0,At-Risk
INV001916,212.0,At-Risk
INV001917,94.0,At-Risk
INV001918,,Active
INV001919,,Active
INV001920,76.0,At-Risk
INV001921,225.0,At-Risk
INV001922,231.0,At-Risk
INV001923,106.0,At-Risk
INV001924,119.0,At-Risk
INV001925,,Active
INV001926,150.0,At-Risk
INV001927,91.0,At-Risk
INV001928,350.0,At-Risk
INV001929,242.0,At-Risk
INV001930,421.0,At-Risk
INV001931,,Active
INV001932,249.0,At-Risk
INV001933,139.0,At-Risk
INV001934,21.0,Active
INV001935,,Active
INV001936,33.0,Active
INV001937,253.0,At-Risk
INV001938,112.0,At-Risk
INV001939,,Active
INV001940,155.0,At-Risk
INV001942,,Active
INV001943,171.0,At-Risk
INV001944,188.0,At-Risk
INV001945,132.0,At-Risk
INV001946,198.0,At-Risk
INV001947,,Active
INV001948,410.0,At-Risk
INV001949,,Active
INV001950,134.0,At-Risk
INV001951,124.0,At-Risk
INV001952,289.0,At-Risk
INV001954,273.0,At-Risk
INV001955,199.0,At-Risk
INV001956,193.0,At-Risk
INV001957,41.0,At-Risk
INV001959,105.0,At-Risk
INV001960,185.0,At-Risk
INV001961,234.0,At-Risk
INV001962,177.0,At-Risk
INV001963,27.0,Active
INV001964,,Active
INV001965,,Active
INV001966,191.0,At-Risk
INV001967,14.0,Active
INV001968,95.0,At-Risk
INV001969,163.0,At-Risk
INV001970,,Active
INV001971,87.0,At-Risk
INV001972,153.0,At-Risk
INV001973,,Active
INV001974,178.0,At-Risk
INV001975,,Active
INV001976,100.0,At-Risk
INV001977,209.0,At-Risk
INV001978,112.0,At-Risk
INV001979,100.0,At-Risk
INV001980,389.0,At-Risk
INV001981,,Active
INV001982,289.0,At-Risk
INV001983,306.0,At-Risk
INV001984,,Active
INV001985,192.0,At-Risk
INV001986,98.0,At-Risk
INV001987,241.0,At-Risk
INV001988,,Active
INV001989,94.0,At-Risk
INV001990,91.0,At-Risk
INV001991,,Active
INV001992,222.0,At-Risk
INV001993,147.0,At-Risk
INV001994,,Active
INV001995,94.0,At-Risk
INV001996,,Active
INV001997,168.0,At-Risk
INV001998,215.0,At-Risk
INV001999,127.0,At-Risk
INV002000,132.0,At-Risk
INV002001,335.0,At-Risk
INV002002,109.0,At-Risk
INV002003,152.0,At-Risk
INV002004,,Active
INV002005,112.0,At-Risk
INV002006,157.0,At-Risk
INV002007,233.0,At-Risk
INV002008,266.0,At-Risk
INV002009,,Active
INV002010,103.0,At-Risk
INV002011,205.0,At-Risk
INV002012,144.0,At-Risk
INV002013,187.0,At-Risk
INV002014,101.0,At-Risk
INV002015,402.0,At-Risk
INV002016,90.0,At-Risk
INV002017,99.0,At-Risk
INV002018,106.0,At-Risk
INV002019,117.0,At-Risk
INV002020,,Active
INV002021,277.0,At-Risk
INV002022,95.0,At-Risk
INV002023,258.0,At-Risk
INV002024,,Active
INV002025,92.0,At-Risk
INV002026,161.0,At-Risk
INV002027,235.0,At-Risk
INV002028,,Active
INV002029,,Active
INV002030,257.0,At-Risk
INV002031,,Active
INV002032,26.0,Active
INV002033,123.0,At-Risk
INV002034,166.0,At-Risk
INV002035,296.0,At-Risk
INV002036,66.0,At-Risk
INV002037,61.0,At-Risk
INV002038,202.0,At-Risk
INV002039,269.0,At-Risk
INV002040,178.0,At-Risk
INV002041,130.0,At-Risk
INV002042,76.0,At-Risk
INV002043,64.0,At-Risk
INV002044,159.0,At-Risk
INV002045,206.0,At-Risk
INV002046,,Active
INV002047,161.0,At-Risk
INV002048,,Active
INV002049,239.0,At-Risk
INV002050,211.0,At-Risk
INV002051,159.0,At-Risk
INV002052,114.0,At-Risk
INV002053,21.0,Active
INV002054,127.0,At-Risk
INV002055,254.0,At-Risk
INV002056,279.0,At-Risk
INV002057,,Active
INV002058,,Active
INV002059,268.0,At-Risk
INV002060,215.0,At-Risk
INV002061,205.0,At-Risk
INV002063,73.0,At-Risk
INV002064,,Active
INV002065,270.0,At-Risk
INV002066,130.0,At-Risk
INV002067,130.0,At-Risk
INV002068,221.0,At-Risk
INV002069,95.0,At-Risk
INV002070,118.0,At-Risk
INV002071,,Active
INV002072,266.0,At-Risk
INV002073,226.0,At-Risk
INV002074,114.0,At-Risk
INV002075,140.0,At-Risk
INV002076,,Active
INV002077,99.0,At-Risk
INV002078,54.0,At-Risk
INV002079,175.0,At-Risk
INV002080,218.0,At-Risk
INV002081,47.0,At-Risk
INV002082,83.0,At-Risk
INV002083,193.0,At-Risk
INV002084,,Active
INV002085,220.0,At-Risk
INV002087,126.0,At-Risk
INV002088,182.0,At-Risk
INV002089,145.0,At-Risk
INV002090,231.0,At-Risk
INV002091,,Active
INV002092,54.0,At-Risk
INV002093,110.0,At-Risk
INV002094,341.0,At-Risk
INV002095,295.0,At-Risk
INV002096,215.0,At-Risk
INV002097,,Active
INV002098,131.0,At-Risk
INV002099,72.0,At-Risk
INV002101,248.0,At-Risk
INV002102,63.0,At-Risk
INV002103,58.0,At-Risk
INV002104,159.0,At-Risk
INV002106,315.0,At-Risk
INV002107,298.0,At-Risk
INV002108,317.0,At-Risk
INV002109,,Active
INV002110,199.0,At-Risk
INV002111,123.0,At-Risk
INV002112,152.0,At-Risk
INV002113,201.0,At-Risk
INV002114,,Active
INV002115,301.0,At-Risk
INV002116,78.0,At-Risk
INV002117,166.0,At-Risk
INV002118,,Active
INV002119,195.0,At-Risk
INV002120,173.0,At-Risk
INV002121,197.0,At-Risk
INV002122,97.0,At-Risk
INV002123,160.0,At-Risk
INV002124,169.0,At-Risk
INV002125,88.0,At-Risk
INV002126,153.0,At-Risk
INV002127,113.0,At-Risk
INV002128,176.0,At-Risk
INV002129,156.0,At-Risk
INV002130,95.0,At-Risk
INV002131,129.0,At-Risk
INV002132,2.0,Active
INV002133,272.0,At-Risk
INV002134,180.0,At-Risk
INV002135,184.0,At-Risk
INV002136,183.0,At-Risk
INV002137,221.0,At-Risk
INV002138,189.0,At-Risk
INV002139,170.0,At-Risk
INV002140,162.0,At-Risk
INV002141,84.0,At-Risk
INV002142,162.0,At-Risk
INV002143,148.0,At-Risk
INV002144,238.0,At-Risk
INV002145,169.0,At-Risk
INV002146,175.0,At-Risk
INV002147,,Active
INV002148,268.0,At-Risk
INV002149,215.0,At-Risk
INV002150,216.0,At-Risk
INV002151,201.0,At-Risk
INV002152,212.0,At-Risk
INV002153,194.0,At-Risk
INV002154,175.0,At-Risk
INV002155,190.0,At-Risk
INV002156,196.0,At-Risk
INV002157,142.0,At-Risk
INV002158,158.0,At-Risk
INV002159,104.0,At-Risk
INV002160,,Active
INV002161,176.0,At-Risk
INV002162,198.0,At-Risk
INV002163,306.0,At-Risk
INV002164,116.0,At-Risk
INV002165,,Active
INV002166,248.0,At-Risk
INV002167,184.0,At-Risk
INV002168,391.0,At-Risk
INV002169,,Active
INV002170,172.0,At-Risk
INV002171,150.0,At-Risk
INV002172,205.0,At-Risk
INV002173,148.0,At-Risk
INV002174,178.0,At-Risk
INV002175,,Active
INV002176,191.0,At-Risk
INV002177,330.0,At-Risk
INV002178,236.0,At-Risk
INV002179,171.0,At-Risk
INV002180,175.0,At-Risk
INV002181,,Active
INV002182,148.0,At-Risk
INV002183,241.0,At-Risk
INV002184,242.0,At-Risk
INV002185,92.0,At-Risk
INV002186,167.0,At-Risk
INV002187,221.0,At-Risk
INV002188,51.0,At-Risk
INV002189,266.0,At-Risk
INV002190,175.0,At-Risk
INV002191,125.0,At-Risk
INV002192,109.0,At-Risk
INV002193,,Active
INV002194,,Active
INV002195,154.0,At-Risk
INV002196,115.0,At-Risk
INV002197,56.0,At-Risk
INV002198,93.0,At-Risk
INV002199,94.0,At-Risk
INV002200,355.0,At-Risk
INV002201,195.0,At-Risk
INV002202,276.0,At-Risk
INV002204,280.0,At-Risk
INV002205,366.0,At-Risk
INV002206,141.0,At-Risk
INV002207,252.0,At-Risk
INV002208,142.0,At-Risk
INV002209,271.0,At-Risk
INV002211,109.0,At-Risk
INV002212,230.0,At-Risk
INV002213,143.0,At-Risk
INV002214,118.0,At-Risk
INV002215,205.0,At-Risk
INV002216,172.0,At-Risk
INV002217,166.0,At-Risk
INV002218,181.0,At-Risk
INV002219,166.0,At-Risk
INV002220,130.0,At-Risk
INV002222,,Active
INV002223,390.0,At-Risk
INV002224,90.0,At-Risk
INV002225,148.0,At-Risk
INV002226,22.0,Active
INV002227,39.0,At-Risk
INV002228,109.0,At-Risk
INV002229,101.0,At-Risk
INV002230,171.0,At-Risk
INV002232,174.0,At-Risk
INV002233,,Active
INV002234,171.0,At-Risk
INV002235,137.0,At-Risk
INV002236,119.0,At-Risk
INV002237,142.0,At-Risk
INV002238,161.0,At-Risk
INV002239,334.0,At-Risk
INV002240,266.0,At-Risk
INV002241,124.0,At-Risk
INV002242,227.0,At-Risk
INV002243,389.0,At-Risk
INV002244,179.0,At-Risk
INV002245,280.0,At-Risk
INV002246,,Active
INV002247,33.0,Active
INV002248,73.0,At-Risk
INV002249,109.0,At-Risk
INV002250,108.0,At-Risk
INV002251,157.0,At-Risk
INV002252,130.0,At-Risk
INV002253,,Active
INV002255,95.0,At-Risk
INV002256,115.0,At-Risk
INV002257,273.0,At-Risk
INV002258,262.0,At-Risk
INV002259,89.0,At-Risk
INV002260,235.0,At-Risk
INV002261,162.0,At-Risk
INV002262,70.0,At-Risk
INV002264,197.0,At-Risk
INV002265,244.0,At-Risk
INV002266,276.0,At-Risk
INV002267,130.0,At-Risk
INV002268,,Active
INV002269,380.0,At-Risk
INV002270,168.0,At-Risk
INV002271,102.0,At-Risk
INV002272,,Active
INV002273,137.0,At-Risk
INV002274,130.0,At-Risk
INV002275,182.0,At-Risk
INV002276,163.0,At-Risk
INV002277,127.0,At-Risk
INV002278,474.0,At-Risk
INV002279,92.0,At-Risk
INV002280,182.0,At-Risk
INV002281,162.0,At-Risk
INV002282,102.0,At-Risk
INV002283,168.0,At-Risk
INV002284,277.0,At-Risk
INV002285,6.0,Active
INV002286,122.0,At-Risk
INV002287,235.0,At-Risk
INV002288,97.0,At-Risk
INV002290,112.0,At-Risk
INV002291,78.0,At-Risk
INV002292,236.0,At-Risk
INV002294,163.0,At-Risk
INV002295,159.0,At-Risk
INV002296,,Active
INV002297,260.0,At-Risk
INV002298,37.0,At-Risk
INV002299,83.0,At-Risk
INV002300,251.0,At-Risk
INV002301,,Active
INV002302,102.0,At-Risk
INV002304,104.0,At-Risk
INV002306,276.0,At-Risk
INV002307,127.0,At-Risk
INV002308,111.0,At-Risk
INV002309,0.0,Active
INV002310,87.0,At-Risk
INV002311,331.0,At-Risk
INV002312,228.0,At-Risk
INV002314,181.0,At-Risk
INV002315,174.0,At-Risk
INV002316,300.0,At-Risk
INV002317,,Active
INV002318,413.0,At-Risk
INV002319,123.0,At-Risk
INV002320,,Active
INV002321,,Active
INV002322,102.0,At-Risk
INV002323,193.0,At-Risk
INV002324,113.0,At-Risk
INV002325,112.0,At-Risk
INV002326,255.0,At-Risk
INV002327,215.0,At-Risk
INV002328,191.0,At-Risk
INV002329,183.0,At-Risk
INV002330,51.0,At-Risk
INV002332,250.0,At-Risk
INV002333,115.0,At-Risk
INV002334,148.0,At-Risk
INV002335,,Active
INV002336,,Active
INV002337,,Active
INV002338,178.0,At-Risk
INV002339,78.0,At-Risk
INV002341,89.0,At-Risk
INV002342,212.0,At-Risk
INV002343,115.0,At-Risk
INV002344,206.0,At-Risk
INV002345,161.0,At-Risk
INV002346,42.0,At-Risk
INV002347,79.0,At-Risk
INV002348,166.0,At-Risk
INV002349,75.0,At-Risk
INV002350,220.0,At-Risk
INV002351,204.0,At-Risk
INV002352,239.0,At-Risk
INV002353,134.0,At-Risk
INV002355,,Active
INV002357,240.0,At-Risk
INV002358,209.0,At-Risk
INV002360,129.0,At-Risk
INV002361,198.0,At-Risk
INV002363,148.0,At-Risk
INV002364,87.0,At-Risk
INV002365,227.0,At-Risk
INV002366,318.0,At-Risk
INV002367,134.0,At-Risk
INV002368,215.0,At-Risk
INV002369,136.0,At-Risk
INV002370,237.0,At-Risk
INV002371,,Active
INV002372,133.0,At-Risk
INV002373,154.0,At-Risk
INV002374,34.0,Active
INV002375,103.0,At-Risk
INV002376,,Active
INV002377,164.0,At-Risk
INV002378,212.0,At-Risk
INV002379,369.0,At-Risk
INV002380,195.0,At-Risk
INV002381,182.0,At-Risk
INV002382,77.0,At-Risk
INV002383,,Active
INV002384,92.0,At-Risk
INV002385,41.0,At-Risk
INV002386,,Active
INV002387,254.0,At-Risk
INV002388,84.0,At-Risk
INV002389,126.0,At-Risk
INV002390,100.0,At-Risk
INV002391,124.0,At-Risk
INV002392,117.0,At-Risk
INV002393,188.0,At-Risk
INV002394,126.0,At-Risk
INV002395,225.0,At-Risk
INV002396,,Active
INV002397,141.0,At-Risk
INV002399,219.0,At-Risk
INV002400,141.0,At-Risk
INV002401,125.0,At-Risk
INV002402,89.0,At-Risk
INV002403,372.0,At-Risk
INV002404,91.0,At-Risk
INV002405,158.0,At-Risk
INV002406,,Active
INV002407,167.0,At-Risk
INV002408,107.0,At-Risk
INV002409,125.0,At-Risk
INV002410,,Active
INV002411,380.0,At-Risk
INV002412,115.0,At-Risk
INV002413,189.0,At-Risk
INV002414,65.0,At-Risk
INV002415,110.0,At-Risk
INV002416,123.0,At-Risk
INV002417,190.0,At-Risk
INV002418,128.0,At-Risk
INV002419,,Active
INV002420,107.0,At-Risk
INV002421,,Active
INV002422,139.0,At-Risk
INV002423,127.0,At-Risk
INV002424,138.0,At-Risk
INV002425,97.0,At-Risk
INV002426,148.0,At-Risk
INV002427,56.0,At-Risk
INV002428,,Active
INV002429,216.0,At-Risk
INV002430,139.0,At-Risk
INV002431,261.0,At-Risk
INV002432,289.0,At-Risk
INV002433,,Active
INV002434,217.0,At-Risk
INV002435,122.0,At-Risk
INV002436,216.0,At-Risk
INV002437,212.0,At-Risk
INV002438,,Active
INV002440,190.0,At-Risk
INV002441,192.0,At-Risk
INV002442,89.0,At-Risk
INV002443,,Active
INV002444,16.0,Active
INV002445,117.0,At-Risk
INV002446,192.0,At-Risk
INV002447,,Active
INV002448,65.0,At-Risk
INV002449,148.0,At-Risk
INV002450,158.0,At-Risk
INV002451,272.0,At-Risk
INV002452,125.0,At-Risk
INV002453,87.0,At-Risk
INV002454,77.0,At-Risk
INV002455,,Active
INV002457,300.0,At-Risk
INV002458,232.0,At-Risk
INV002459,161.0,At-Risk
INV002460,276.0,At-Risk
INV002461,204.0,At-Risk
INV002462,,Active
INV002463,236.0,At-Risk
INV002464,97.0,At-Risk
INV002465,28.0,Active
INV002466,270.0,At-Risk
INV002467,116.0,At-Risk
INV002468,120.0,At-Risk
INV002469,208.0,At-Risk
INV002470,,Active
INV002471,98.0,At-Risk
INV002472,158.0,At-Risk
INV002473,320.0,At-Risk
INV002474,,Active
INV002475,119.0,At-Risk
INV002476,235.0,At-Risk
INV002477,58.0,At-Risk
INV002478,,Active
INV002479,260.0,At-Risk
INV002481,,Active
INV002483,96.0,At-Risk
INV002484,,Active
INV002485,136.0,At-Risk
INV002486,229.0,At-Risk
INV002487,48.0,At-Risk
INV002488,199.0,At-Risk
INV002489,144.0,At-Risk
INV002490,125.0,At-Risk
INV002491,17.0,Active
INV002493,276.0,At-Risk
INV002494,,Active
INV002495,174.0,At-Risk
INV002496,156.0,At-Risk
INV002497,152.0,At-Risk
INV002498,,Active
INV002499,251.0,At-Risk
INV002500,223.0,At-Risk
INV002502,222.0,At-Risk
INV002503,94.0,At-Risk
INV002504,206.0,At-Risk
INV002505,449.0,At-Risk
INV002506,130.0,At-Risk
INV002507,192.0,At-Risk
INV002508,171.0,At-Risk
INV002509,74.0,At-Risk
INV002510,176.0,At-Risk
INV002511,,Active
INV002512,3.0,Active
INV002513,114.0,At-Risk
INV002514,11.0,Active
INV002515,24.0,Active
INV002516,77.0,At-Risk
INV002517,,Active
INV002518,284.0,At-Risk
INV002519,,Active
INV002520,202.0,At-Risk
INV002521,206.0,At-Risk
INV002523,179.0,At-Risk
INV002524,,Active
INV002525,233.0,At-Risk
INV002526,174.0,At-Risk
INV002527,93.0,At-Risk
INV002528,241.0,At-Risk
INV002529,202.0,At-Risk
INV002530,175.0,At-Risk
INV002531,182.0,At-Risk
INV002532,223.0,At-Risk
INV002533,88.0,At-Risk
INV002534,354.0,At-Risk
INV002535,78.0,At-Risk
INV002536,133.0,At-Risk
INV002538,250.0,At-Risk
INV002539,65.0,At-Risk
INV002540,291.0,At-Risk
INV002541,,Active
INV002542,188.0,At-Risk
INV002543,116.0,At-Risk
INV002544,,Active
INV002545,333.0,At-Risk
INV002546,152.0,At-Risk
INV002547,181.0,At-Risk
INV002548,339.0,At-Risk
INV002549,204.0,At-Risk
INV002550,199.0,At-Risk
INV002551,164.0,At-Risk
INV002552,184.0,At-Risk
INV002553,241.0,At-Risk
INV002554,100.0,At-Risk
INV002555,172.0,At-Risk
INV002556,69.0,At-Risk
INV002557,264.0,At-Risk
INV002558,297.0,At-Risk
INV002559,,Active
INV002560,155.0,At-Risk
INV002561,68.0,At-Risk
INV002562,,Active
INV002563,114.0,At-Risk
INV002564,,Active
INV002565,281.0,At-Risk
INV002566,323.0,At-Risk
INV002567,127.0,At-Risk
INV002568,144.0,At-Risk
INV002569,,Active
INV002570,150.0,At-Risk
INV002571,225.0,At-Risk
INV002572,108.0,At-Risk
INV002573,,Active
INV002574,139.0,At-Risk
INV002575,128.0,At-Risk
INV002576,160.0,At-Risk
INV002577,78.0,At-Risk
INV002578,443.0,At-Risk
INV002579,71.0,At-Risk
INV002580,65.0,At-Risk
INV002582,173.0,At-Risk
INV002583,162.0,At-Risk
INV002584,,Active
INV002585,124.0,At-Risk
INV002586,168.0,At-Risk
INV002587,291.0,At-Risk
INV002588,203.0,At-Risk
INV002589,,Active
INV002590,125.0,At-Risk
INV002591,139.0,At-Risk
INV002592,149.0,At-Risk
INV002593,181.0,At-Risk
INV002594,244.0,At-Risk
INV002595,55.0,At-Risk
INV002596,325.0,At-Risk
INV002597,301.0,At-Risk
INV002598,179.0,At-Risk
INV002599,234.0,At-Risk
INV002600,102.0,At-Risk
INV002601,54.0,At-Risk
INV002602,151.0,At-Risk
INV002603,,Active
INV002604,218.0,At-Risk
INV002605,405.0,At-Risk
INV002606,248.0,At-Risk
INV002607,,Active
INV002608,177.0,At-Risk
INV002610,334.0,At-Risk
INV002611,,Active
INV002612,162.0,At-Risk
INV002613,143.0,At-Risk
INV002614,108.0,At-Risk
INV002615,,Active
INV002616,223.0,At-Risk
INV002617,275.0,At-Risk
INV002618,,Active
INV002619,219.0,At-Risk
INV002620,345.0,At-Risk
INV002621,186.0,At-Risk
INV002622,244.0,At-Risk
INV002623,,Active
INV002624,,Active
INV002625,143.0,At-Risk
INV002626,191.0,At-Risk
INV002627,182.0,At-Risk
INV002628,322.0,At-Risk
INV002629,227.0,At-Risk
INV002630,82.0,At-Risk
INV002631,178.0,At-Risk
INV002632,180.0,At-Risk
INV002633,101.0,At-Risk
INV002634,25.0,Active
INV002635,127.0,At-Risk
INV002636,118.0,At-Risk
INV002637,227.0,At-Risk
INV002639,55.0,At-Risk
INV002640,153.0,At-Risk
INV002641,99.0,At-Risk
INV002642,181.0,At-Risk
INV002643,229.0,At-Risk
INV002645,133.0,At-Risk
INV002646,,Active
INV002647,153.0,At-Risk
INV002648,190.0,At-Risk
INV002649,174.0,At-Risk
INV002650,19.0,Active
INV002651,,Active
INV002652,235.0,At-Risk
INV002653,,Active
INV002654,115.0,At-Risk
INV002655,24.0,Active
INV002656,90.0,At-Risk
INV002657,301.0,At-Risk
INV002658,,Active
INV002659,224.0,At-Risk
INV002660,210.0,At-Risk
INV002661,60.0,At-Risk
INV002662,284.0,At-Risk
INV002664,130.0,At-Risk
INV002666,100.0,At-Risk
INV002668,186.0,At-Risk
INV002669,80.0,At-Risk
INV002670,230.0,At-Risk
INV002671,163.0,At-Risk
INV002672,,Active
INV002673,147.0,At-Risk
INV002674,153.0,At-Risk
INV002675,138.0,At-Risk
INV002676,110.0,At-Risk
INV002677,,Active
INV002678,,Active
INV002679,278.0,At-Risk
INV002680,160.0,At-Risk
INV002681,161.0,At-Risk
INV002682,107.0,At-Risk
INV002683,14.0,Active
INV002684,266.0,At-Risk
INV002685,247.0,At-Risk
INV002686,236.0,At-Risk
INV002687,193.0,At-Risk
INV002688,122.0,At-Risk
INV002689,115.0,At-Risk
INV002690,,Active
INV002691,,Active
INV002692,,Active
INV002693,72.0,At-Risk
INV002694,54.0,At-Risk
INV002695,,Active
INV002696,315.0,At-Risk
INV002697,199.0,At-Risk
INV002698,98.0,At-Risk
INV002699,318.0,At-Risk
INV002700,140.0,At-Risk
INV002701,185.0,At-Risk
INV002702,127.0,At-Risk
INV002703,202.0,At-Risk
INV002704,139.0,At-Risk
INV002705,70.0,At-Risk
INV002706,133.0,At-Risk
INV002707,151.0,At-Risk
INV002708,116.0,At-Risk
INV002709,206.0,At-Risk
INV002710,3.0,Active
INV002711,230.0,At-Risk
INV002712,174.0,At-Risk
INV002713,162.0,At-Risk
INV002714,177.0,At-Risk
INV002715,,Active
INV002716,342.0,At-Risk
INV002717,362.0,At-Risk
INV002718,112.0,At-Risk
INV002719,170.0,At-Risk
INV002720,283.0,At-Risk
INV002721,,Active
INV002722,178.0,At-Risk
INV002723,102.0,At-Risk
INV002724,187.0,At-Risk
INV002725,291.0,At-Risk
INV002726,84.0,At-Risk
INV002727,178.0,At-Risk
INV002728,,Active
INV002729,,Active
INV002732,151.0,At-Risk
INV002733,150.0,At-Risk
INV002734,178.0,At-Risk
INV002735,136.0,At-Risk
INV002736,323.0,At-Risk
INV002737,104.0,At-Risk
INV002738,31.0,Active
INV002739,132.0,At-Risk
INV002740,474.0,At-Risk
INV002741,190.0,At-Risk
INV002742,,Active
INV002743,190.0,At-Risk
INV002744,139.0,At-Risk
INV002745,115.0,At-Risk
INV002746,206.0,At-Risk
INV002747,82.0,At-Risk
INV002748,173.0,At-Risk
INV002749,,Active
INV002750,254.0,At-Risk
INV002751,102.0,At-Risk
INV002752,171.0,At-Risk
INV002753,153.0,At-Risk
INV002754,162.0,At-Risk
INV002755,,Active
INV002756,460.0,At-Risk
INV002757,206.0,At-Risk
INV002758,263.0,At-Risk
INV002759,112.0,At-Risk
INV002760,,Active
INV002761,312.0,At-Risk
INV002762,238.0,At-Risk
INV002763,409.0,At-Risk
INV002764,155.0,At-Risk
INV002765,332.0,At-Risk
INV002766,151.0,At-Risk
INV002767,145.0,At-Risk
INV002768,,Active
INV002769,141.0,At-Risk
INV002770,262.0,At-Risk
INV002771,374.0,At-Risk
INV002772,168.0,At-Risk
INV002773,405.0,At-Risk
INV002774,211.0,At-Risk
INV002775,53.0,At-Risk
INV002776,274.0,At-Risk
INV002777,,Active
INV002778,350.0,At-Risk
INV002779,151.0,At-Risk
INV002780,213.0,At-Risk
INV002781,21.0,Active
INV002782,105.0,At-Risk
INV002783,126.0,At-Risk
INV002784,178.0,At-Risk
INV002785,45.0,At-Risk
INV002786,124.0,At-Risk
INV002787,280.0,At-Risk
INV002788,124.0,At-Risk
INV002789,35.0,Active
INV002790,284.0,At-Risk
INV002791,285.0,At-Risk
INV002792,202.0,At-Risk
INV002793,125.0,At-Risk
INV002794,111.0,At-Risk
INV002795,,Active
INV002796,220.0,At-Risk
INV002797,,Active
INV002798,275.0,At-Risk
INV002799,129.0,At-Risk
INV002800,108.0,At-Risk
INV002801,127.0,At-Risk
INV002802,63.0,At-Risk
INV002803,176.0,At-Risk
INV002804,209.0,At-Risk
INV002805,332.0,At-Risk
INV002806,365.0,At-Risk
INV002807,194.0,At-Risk
INV002808,120.0,At-Risk
INV002809,276.0,At-Risk
INV002810,139.0,At-Risk
INV002811,203.0,At-Risk
INV002813,149.0,At-Risk
INV002814,198.0,At-Risk
INV002815,,Active
INV002816,129.0,At-Risk
INV002817,159.0,At-Risk
INV002818,366.0,At-Risk
INV002819,69.0,At-Risk
INV002820,,Active
INV002822,108.0,At-Risk
INV002823,333.0,At-Risk
INV002824,223.0,At-Risk
INV002825,348.0,At-Risk
INV002826,91.0,At-Risk
INV002827,200.0,At-Risk
INV002828,211.0,At-Risk
INV002829,136.0,At-Risk
INV002830,219.0,At-Risk
INV002831,72.0,At-Risk
INV002832,129.0,At-Risk
INV002833,297.0,At-Risk
INV002834,231.0,At-Risk
INV002835,233.0,At-Risk
INV002836,,Active
INV002837,,Active
INV002838,116.0,At-Risk
INV002839,114.0,At-Risk
INV002840,186.0,At-Risk
INV002841,102.0,At-Risk
INV002842,,Active
INV002843,128.0,At-Risk
INV002845,,Active
INV002846,255.0,At-Risk
INV002847,129.0,At-Risk
INV002848,,Active
INV002849,99.0,At-Risk
INV002850,166.0,At-Risk
INV002851,280.0,At-Risk
INV002852,207.0,At-Risk
INV002853,,Active
INV002854,273.0,At-Risk
INV002855,196.0,At-Risk
INV002856,212.0,At-Risk
INV002857,,Active
INV002858,161.0,At-Risk
INV002859,198.0,At-Risk
INV002860,280.0,At-Risk
INV002861,211.0,At-Risk
INV002862,270.0,At-Risk
INV002863,199.0,At-Risk
INV002864,175.0,At-Risk
INV002865,50.0,At-Risk
INV002866,148.0,At-Risk
INV002867,125.0,At-Risk
INV002868,169.0,At-Risk
INV002869,169.0,At-Risk
INV002870,109.0,At-Risk
INV002871,,Active
INV002872,199.0,At-Risk
INV002873,235.0,At-Risk
INV002874,192.0,At-Risk
INV002875,98.0,At-Risk
INV002876,348.0,At-Risk
INV002877,111.0,At-Risk
INV002878,,Active
INV002879,125.0,At-Risk
INV002881,110.0,At-Risk
INV002882,191.0,At-Risk
INV002883,176.0,At-Risk
INV002884,,Active
INV002885,,Active
INV002886,137.0,At-Risk
INV002888,85.0,At-Risk
INV002890,230.0,At-Risk
INV002891,166.0,At-Risk
INV002892,209.0,At-Risk
INV002893,148.0,At-Risk
INV002894,11.0,Active
INV002895,171.0,At-Risk
INV002896,110.0,At-Risk
INV002897,147.0,At-Risk
INV002898,111.0,At-Risk
INV002899,269.0,At-Risk
INV002900,136.0,At-Risk
INV002901,131.0,At-Risk
INV002902,35.0,Active
INV002903,176.0,At-Risk
INV002904,104.0,At-Risk
INV002905,221.0,At-Risk
INV002906,74.0,At-Risk
INV002907,,Active
INV002908,139.0,At-Risk
INV002909,263.0,At-Risk
INV002910,367.0,At-Risk
INV002911,218.0,At-Risk
INV002912,342.0,At-Risk
INV002913,168.0,At-Risk
INV002914,4.0,Active
INV002915,117.0,At-Risk
INV002917,379.0,At-Risk
INV002919,,Active
INV002920,99.0,At-Risk
INV002921,121.0,At-Risk
INV002922,,Active
INV002923,220.0,At-Risk
INV002924,41.0,At-Risk
INV002925,226.0,At-Risk
INV002926,207.0,At-Risk
INV002927,79.0,At-Risk
INV002928,7.0,Active
INV002929,445.0,At-Risk
INV002930,127.0,At-Risk
INV002931,157.0,At-Risk
INV002932,161.0,At-Risk
INV002933,160.0,At-Risk
INV002934,170.0,At-Risk
INV002935,72.0,At-Risk
INV002936,,Active
INV002937,184.0,At-Risk
INV002939,127.0,At-Risk
INV002940,417.0,At-Risk
INV002941,154.0,At-Risk
INV002942,180.0,At-Risk
INV002943,188.0,At-Risk
INV002944,181.0,At-Risk
INV002945,139.0,At-Risk
INV002946,122.0,At-Risk
INV002947,152.0,At-Risk
INV002948,365.0,At-Risk
INV002949,188.0,At-Risk
INV002950,119.0,At-Risk
INV002951,82.0,At-Risk
INV002952,137.0,At-Risk
INV002953,106.0,At-Risk
INV002954,218.0,At-Risk
INV002955,,Active
INV002956,255.0,At-Risk
INV002957,225.0,At-Risk
INV002958,,Active
INV002959,104.0,At-Risk
INV002960,,Active
INV002961,231.0,At-Risk
INV002962,,Active
INV002963,27.0,Active
INV002964,242.0,At-Risk
INV002966,210.0,At-Risk
INV002967,391.0,At-Risk
INV002968,269.0,At-Risk
INV002969,35.0,Active
INV002970,,Active
INV002971,198.0,At-Risk
INV002972,,Active
INV002973,200.0,At-Risk
INV002974,105.0,At-Risk
INV002975,85.0,At-Risk
INV002976,,Active
INV002977,211.0,At-Risk
INV002978,317.0,At-Risk
INV002979,265.0,At-Risk
INV002980,117.0,At-Risk
INV002982,203.0,At-Risk
INV002983,,Active
INV002984,200.0,At-Risk
INV002985,91.0,At-Risk
INV002986,485.0,At-Risk
INV002988,,Active
INV002989,182.0,At-Risk
INV002990,,Active
INV002991,328.0,At-Risk
INV002992,93.0,At-Risk
INV002993,280.0,At-Risk
INV002994,142.0,At-Risk
INV002995,,Active
INV002996,136.0,At-Risk
INV002997,166.0,At-Risk
INV002998,6.0,Active
INV002999,,Active
INV003000,137.0,At-Risk
INV003001,,Active
INV003002,225.0,At-Risk
INV003003,100.0,At-Risk
INV003004,209.0,At-Risk
INV003005,107.0,At-Risk
INV003006,,Active
INV003007,162.0,At-Risk
INV003008,233.0,At-Risk
INV003009,84.0,At-Risk
INV003010,303.0,At-Risk
INV003011,154.0,At-Risk
INV003012,122.0,At-Risk
INV003013,,Active
INV003014,144.0,At-Risk
INV003015,91.0,At-Risk
INV003016,73.0,At-Risk
INV003017,266.0,At-Risk
INV003018,156.0,At-Risk
INV003019,,Active
INV003020,208.0,At-Risk
INV003021,182.0,At-Risk
INV003022,123.0,At-Risk
INV003023,259.0,At-Risk
INV003024,122.0,At-Risk
INV003025,65.0,At-Risk
INV003026,,Active
INV003027,108.0,At-Risk
INV003028,183.0,At-Risk
INV003029,,Active
INV003031,70.0,At-Risk
INV003032,260.0,At-Risk
INV003033,196.0,At-Risk
INV003034,118.0,At-Risk
INV003035,,Active
INV003036,138.0,At-Risk
INV003037,300.0,At-Risk
INV003038,83.0,At-Risk
INV003039,,Active
INV003040,194.0,At-Risk
INV003041,327.0,At-Risk
INV003042,191.0,At-Risk
INV003043,131.0,At-Risk
INV003044,237.0,At-Risk
INV003045,71.0,At-Risk
INV003046,39.0,At-Risk
INV003047,215.0,At-Risk
INV003048,84.0,At-Risk
INV003049,318.0,At-Risk
INV003051,76.0,At-Risk
INV003052,158.0,At-Risk
INV003053,216.0,At-Risk
INV003054,209.0,At-Risk
INV003055,209.0,At-Risk
INV003057,157.0,At-Risk
INV003058,130.0,At-Risk
INV003059,284.0,At-Risk
INV003060,135.0,At-Risk
INV003061,201.0,At-Risk
INV003062,,Active
INV003063,112.0,At-Risk
INV003064,134.0,At-Risk
INV003065,150.0,At-Risk
INV003066,123.0,At-Risk
INV003067,149.0,At-Risk
INV003068,302.0,At-Risk
INV003069,192.0,At-Risk
INV003070,132.0,At-Risk
INV003071,,Active
INV003072,,Active
INV003073,140.0,At-Risk
INV003074,123.0,At-Risk
INV003075,128.0,At-Risk
INV003076,,Active
INV003077,232.0,At-Risk
INV003078,126.0,At-Risk
INV003079,191.0,At-Risk
INV003080,118.0,At-Risk
INV003081,150.0,At-Risk
INV003082,142.0,At-Risk
INV003083,169.0,At-Risk
INV003084,227.0,At-Risk
INV003086,224.0,At-Risk
INV003087,106.0,At-Risk
INV003088,,Active
INV003089,107.0,At-Risk
INV003090,114.0,At-Risk
INV003091,199.0,At-Risk
INV003092,187.0,At-Risk
INV003093,,Active
INV003094,,Active
INV003095,175.0,At-Risk
INV003096,,Active
INV003097,121.0,At-Risk
INV003098,253.0,At-Risk
INV003099,329.0,At-Risk
INV003100,69.0,At-Risk
INV003101,215.0,At-Risk
INV003102,188.0,At-Risk
INV003103,226.0,At-Risk
INV003104,,Active
INV003105,140.0,At-Risk
INV003107,,Active
INV003108,371.0,At-Risk
INV003109,100.0,At-Risk
INV003110,196.0,At-Risk
INV003111,191.0,At-Risk
INV003112,173.0,At-Risk
INV003113,159.0,At-Risk
INV003115,125.0,At-Risk
INV003116,169.0,At-Risk
INV003117,115.0,At-Risk
INV003118,,Active
INV003119,106.0,At-Risk
INV003120,210.0,At-Risk
INV003121,87.0,At-Risk
INV003122,,Active
INV003123,232.0,At-Risk
INV003124,112.0,At-Risk
INV003125,137.0,At-Risk
INV003127,,Active
INV003128,59.0,At-Risk
INV003129,51.0,At-Risk
INV003130,156.0,At-Risk
INV003131,,Active
INV003132,321.0,At-Risk
INV003133,,Active
INV003134,172.0,At-Risk
INV003136,117.0,At-Risk
INV003137,232.0,At-Risk
INV003138,,Active
INV003139,133.0,At-Risk
INV003140,125.0,At-Risk
INV003141,225.0,At-Risk
INV003142,234.0,At-Risk
INV003143,,Active
INV003144,243.0,At-Risk
INV003145,32.0,Active
INV003146,283.0,At-Risk
INV003147,304.0,At-Risk
INV003149,77.0,At-Risk
INV003150,176.0,At-Risk
INV003151,146.0,At-Risk
INV003153,156.0,At-Risk
INV003154,238.0,At-Risk
INV003155,,Active
INV003156,,Active
INV003157,188.0,At-Risk
INV003158,138.0,At-Risk
INV003159,170.0,At-Risk
INV003160,324.0,At-Risk
INV003161,118.0,At-Risk
INV003162,,Active
INV003163,,Active
INV003164,255.0,At-Risk
INV003165,243.0,At-Risk
INV003166,223.0,At-Risk
INV003167,160.0,At-Risk
INV003168,189.0,At-Risk
INV003169,178.0,At-Risk
INV003171,86.0,At-Risk
INV003172,,Active
INV003173,217.0,At-Risk
INV003174,21.0,Active
INV003175,,Active
INV003176,153.0,At-Risk
INV003177,,Active
INV003178,84.0,At-Risk
INV003179,151.0,At-Risk
INV003180,,Active
INV003181,242.0,At-Risk
INV003182,202.0,At-Risk
INV003183,132.0,At-Risk
INV003184,206.0,At-Risk
INV003185,116.0,At-Risk
INV003186,,Active
INV003187,244.0,At-Risk
INV003188,293.0,At-Risk
INV003189,198.0,At-Risk
INV003190,218.0,At-Risk
INV003191,138.0,At-Risk
INV003192,145.0,At-Risk
INV003193,294.0,At-Risk
INV003194,186.0,At-Risk
INV003195,68.0,At-Risk
INV003196,319.0,At-Risk
INV003197,8.0,Active
INV003198,287.0,At-Risk
INV003199,,Active
INV003200,148.0,At-Risk
INV003201,200.0,At-Risk
INV003202,139.0,At-Risk
INV003203,45.0,At-Risk
INV003204,55.0,At-Risk
INV003205,111.0,At-Risk
INV003206,278.0,At-Risk
INV003207,113.0,At-Risk
INV003208,298.0,At-Risk
INV003209,120.0,At-Risk
INV003210,112.0,At-Risk
INV003211,104.0,At-Risk
INV003212,272.0,At-Risk
INV003213,335.0,At-Risk
INV003214,170.0,At-Risk
INV003215,105.0,At-Risk
INV003216,352.0,At-Risk
INV003217,,Active
INV003218,199.0,At-Risk
INV003219,86.0,At-Risk
INV003220,103.0,At-Risk
INV003221,99.0,At-Risk
INV003222,190.0,At-Risk
INV003223,331.0,At-Risk
INV003224,152.0,At-Risk
INV003225,199.0,At-Risk
INV003226,209.0,At-Risk
INV003227,233.0,At-Risk
INV003228,256.0,At-Risk
INV003229,,Active
INV003230,251.0,At-Risk
INV003231,253.0,At-Risk
INV003232,225.0,At-Risk
INV003233,169.0,At-Risk
INV003234,188.0,At-Risk
INV003235,292.0,At-Risk
INV003236,115.0,At-Risk
INV003237,195.0,At-Risk
INV003238,193.0,At-Risk
INV003239,261.0,At-Risk
INV003240,258.0,At-Risk
INV003241,23.0,Active
INV003242,159.0,At-Risk
INV003243,141.0,At-Risk
INV003244,167.0,At-Risk
INV003245,140.0,At-Risk
INV003246,205.0,At-Risk
INV003247,206.0,At-Risk
INV003248,234.0,At-Risk
INV003249,286.0,At-Risk
INV003250,236.0,At-Risk
INV003251,,Active
INV003252,192.0,At-Risk
INV003253,212.0,At-Risk
INV003254,86.0,At-Risk
INV003255,,Active
INV003256,90.0,At-Risk
INV003257,139.0,At-Risk
INV003258,130.0,At-Risk
INV003259,166.0,At-Risk
INV003260,247.0,At-Risk
INV003261,271.0,At-Risk
INV003262,162.0,At-Risk
INV003263,259.0,At-Risk
INV003264,182.0,At-Risk
INV003265,166.0,At-Risk
INV003267,197.0,At-Risk
INV003269,116.0,At-Risk
INV003270,37.0,At-Risk
INV003271,157.0,At-Risk
INV003272,188.0,At-Risk
INV003273,134.0,At-Risk
INV003274,,Active
INV003275,429.0,At-Risk
INV003276,171.0,At-Risk
INV003277,192.0,At-Risk
INV003278,,Active
INV003279,147.0,At-Risk
INV003280,113.0,At-Risk
INV003281,,Active
INV003282,175.0,At-Risk
INV003283,208.0,At-Risk
INV003284,,Active
INV003285,121.0,At-Risk
INV003286,,Active
INV003287,154.0,At-Risk
INV003288,225.0,At-Risk
INV003289,183.0,At-Risk
INV003290,,Active
INV003291,183.0,At-Risk
INV003292,38.0,At-Risk
INV003293,,Active
INV003294,120.0,At-Risk
INV003295,202.0,At-Risk
INV003296,152.0,At-Risk
INV003297,161.0,At-Risk
INV003298,182.0,At-Risk
INV003299,,Active
INV003300,219.0,At-Risk
INV003301,113.0,At-Risk
INV003302,144.0,At-Risk
INV003303,251.0,At-Risk
INV003304,180.0,At-Risk
INV003305,112.0,At-Risk
INV003306,427.0,At-Risk
INV003307,320.0,At-Risk
INV003308,141.0,At-Risk
INV003309,176.0,At-Risk
INV003310,154.0,At-Risk
INV003311,149.0,At-Risk
INV003312,482.0,At-Risk
INV003313,35.0,Active
INV003314,210.0,At-Risk
INV003315,358.0,At-Risk
INV003316,73.0,At-Risk
INV003317,71.0,At-Risk
INV003318,,Active
INV003319,266.0,At-Risk
INV003320,192.0,At-Risk
INV003321,207.0,At-Risk
INV003322,337.0,At-Risk
INV003324,469.0,At-Risk
INV003325,155.0,At-Risk
INV003326,335.0,At-Risk
INV003328,241.0,At-Risk
INV003329,230.0,At-Risk
INV003330,229.0,At-Risk
INV003331,310.0,At-Risk
INV003332,134.0,At-Risk
INV003333,,Active
INV003334,26.0,Active
INV003335,258.0,At-Risk
INV003336,133.0,At-Risk
INV003337,117.0,At-Risk
INV003338,155.0,At-Risk
INV003339,,Active
INV003340,295.0,At-Risk
INV003341,101.0,At-Risk
INV003342,147.0,At-Risk
INV003343,189.0,At-Risk
INV003344,190.0,At-Risk
INV003345,209.0,At-Risk
INV003346,125.0,At-Risk
INV003347,201.0,At-Risk
INV003348,323.0,At-Risk
INV003349,286.0,At-Risk
INV003350,191.0,At-Risk
INV003351,86.0,At-Risk
INV003352,279.0,At-Risk
INV003353,14.0,Active
INV003354,248.0,At-Risk
INV003355,319.0,At-Risk
INV003356,104.0,At-Risk
INV003357,100.0,At-Risk
INV003358,,Active
INV003359,83.0,At-Risk
INV003360,163.0,At-Risk
INV003361,345.0,At-Risk
INV003362,34.0,Active
INV003363,175.0,At-Risk
INV003364,,Active
INV003365,,Active
INV003366,220.0,At-Risk
INV003368,,Active
INV003369,,Active
INV003370,206.0,At-Risk
INV003371,,Active
INV003372,118.0,At-Risk
INV003373,263.0,At-Risk
INV003374,128.0,At-Risk
INV003375,158.0,At-Risk
INV003376,199.0,At-Risk
INV003377,203.0,At-Risk
INV003379,268.0,At-Risk
INV003380,155.0,At-Risk
INV003381,243.0,At-Risk
INV003382,85.0,At-Risk
INV003383,269.0,At-Risk
INV003384,,Active
INV003385,,Active
INV003386,,Active
INV003387,131.0,At-Risk
INV003388,215.0,At-Risk
INV003389,69.0,At-Risk
INV003390,382.0,At-Risk
INV003391,193.0,At-Risk
INV003392,126.0,At-Risk
INV003393,178.0,At-Risk
INV003394,333.0,At-Risk
INV003395,192.0,At-Risk
INV003396,270.0,At-Risk
INV003397,113.0,At-Risk
INV003398,140.0,At-Risk
INV003399,261.0,At-Risk
INV003400,44.0,At-Risk
INV003401,79.0,At-Risk
INV003402,39.0,At-Risk
INV003403,116.0,At-Risk
INV003404,198.0,At-Risk
INV003405,186.0,At-Risk
INV003406,251.0,At-Risk
INV003407,146.0,At-Risk
INV003408,113.0,At-Risk
INV003409,127.0,At-Risk
INV003410,215.0,At-Risk
INV003411,213.0,At-Risk
INV003412,24.0,Active
INV003413,,Active
INV003414,405.0,At-Risk
INV003415,174.0,At-Risk
INV003416,,Active
INV003417,35.0,Active
INV003418,239.0,At-Risk
INV003419,200.0,At-Risk
INV003420,339.0,At-Risk
INV003421,39.0,At-Risk
INV003422,167.0,At-Risk
INV003423,303.0,At-Risk
INV003424,124.0,At-Risk
INV003425,137.0,At-Risk
INV003426,105.0,At-Risk
INV003427,266.0,At-Risk
INV003428,156.0,At-Risk
INV003429,194.0,At-Risk
INV003430,104.0,At-Risk
INV003431,152.0,At-Risk
INV003432,97.0,At-Risk
INV003433,76.0,At-Risk
INV003434,,Active
INV003435,140.0,At-Risk
INV003436,167.0,At-Risk
INV003437,226.0,At-Risk
INV003438,226.0,At-Risk
INV003439,29.0,Active
INV003440,,Active
INV003441,133.0,At-Risk
INV003442,96.0,At-Risk
INV003443,195.0,At-Risk
INV003444,355.0,At-Risk
INV003445,372.0,At-Risk
INV003446,185.0,At-Risk
INV003447,,Active
INV003448,200.0,At-Risk
INV003449,102.0,At-Risk
INV003450,158.0,At-Risk
INV003451,256.0,At-Risk
INV003452,47.0,At-Risk
INV003453,310.0,At-Risk
INV003454,102.0,At-Risk
INV003455,76.0,At-Risk
INV003456,184.0,At-Risk
INV003457,117.0,At-Risk
INV003458,206.0,At-Risk
INV003459,113.0,At-Risk
INV003460,104.0,At-Risk
INV003461,83.0,At-Risk
INV003462,134.0,At-Risk
INV003463,127.0,At-Risk
INV003464,255.0,At-Risk
INV003467,220.0,At-Risk
INV003468,269.0,At-Risk
INV003469,139.0,At-Risk
INV003470,175.0,At-Risk
INV003471,23.0,Active
INV003472,,Active
INV003473,213.0,At-Risk
INV003474,,Active
INV003475,155.0,At-Risk
INV003476,,Active
INV003477,210.0,At-Risk
INV003478,195.0,At-Risk
INV003479,164.0,At-Risk
INV003480,211.0,At-Risk
INV003481,,Active
INV003482,,Active
INV003483,172.0,At-Risk
INV003484,333.0,At-Risk
INV003485,248.0,At-Risk
INV003487,155.0,At-Risk
INV003488,464.0,At-Risk
INV003489,,Active
INV003490,191.0,At-Risk
INV003491,119.0,At-Risk
INV003492,162.0,At-Risk
INV003493,107.0,At-Risk
INV003494,201.0,At-Risk
INV003495,121.0,At-Risk
INV003496,218.0,At-Risk
INV003498,,Active
INV003499,286.0,At-Risk
INV003500,364.0,At-Risk
INV003501,154.0,At-Risk
INV003502,,Active
INV003503,224.0,At-Risk
INV003504,,Active
INV003505,99.0,At-Risk
INV003506,132.0,At-Risk
INV003507,178.0,At-Risk
INV003508,,Active
INV003509,149.0,At-Risk
INV003510,78.0,At-Risk
INV003511,183.0,At-Risk
INV003513,159.0,At-Risk
INV003514,172.0,At-Risk
INV003515,44.0,At-Risk
INV003516,324.0,At-Risk
INV003517,164.0,At-Risk
INV003518,157.0,At-Risk
INV003519,92.0,At-Risk
INV003520,270.0,At-Risk
INV003521,183.0,At-Risk
INV003522,,Active
INV003523,66.0,At-Risk
INV003524,203.0,At-Risk
INV003525,209.0,At-Risk
INV003526,224.0,At-Risk
INV003527,245.0,At-Risk
INV003528,186.0,At-Risk
INV003529,55.0,At-Risk
INV003530,101.0,At-Risk
INV003531,185.0,At-Risk
INV003532,151.0,At-Risk
INV003533,211.0,At-Risk
INV003534,160.0,At-Risk
INV003535,144.0,At-Risk
INV003536,153.0,At-Risk
INV003537,192.0,At-Risk
INV003538,,Active
INV003539,167.0,At-Risk
INV003540,56.0,At-Risk
INV003541,175.0,At-Risk
INV003542,,Active
INV003543,179.0,At-Risk
INV003544,270.0,At-Risk
INV003545,210.0,At-Risk
INV003546,126.0,At-Risk
INV003547,,Active
INV003548,41.0,At-Risk
INV003549,295.0,At-Risk
INV003550,,Active
INV003552,207.0,At-Risk
INV003553,143.0,At-Risk
INV003554,147.0,At-Risk
INV003555,46.0,At-Risk
INV003556,129.0,At-Risk
INV003557,156.0,At-Risk
INV003558,66.0,At-Risk
INV003559,118.0,At-Risk
INV003560,287.0,At-Risk
INV003561,209.0,At-Risk
INV003562,165.0,At-Risk
INV003563,153.0,At-Risk
INV003564,292.0,At-Risk
INV003565,183.0,At-Risk
INV003566,276.0,At-Risk
INV003567,187.0,At-Risk
INV003568,232.0,At-Risk
INV003569,144.0,At-Risk
INV003570,364.0,At-Risk
INV003571,112.0,At-Risk
INV003572,268.0,At-Risk
INV003573,53.0,At-Risk
INV003574,289.0,At-Risk
INV003575,284.0,At-Risk
INV003576,70.0,At-Risk
INV003577,213.0,At-Risk
INV003578,160.0,At-Risk
INV003579,69.0,At-Risk
INV003580,227.0,At-Risk
INV003581,95.0,At-Risk
INV003582,167.0,At-Risk
INV003583,144.0,At-Risk
INV003584,,Active
INV003585,,Active
INV003586,113.0,At-Risk
INV003587,180.0,At-Risk
INV003588,29.0,Active
INV003589,307.0,At-Risk
INV003590,193.0,At-Risk
INV003591,,Active
INV003592,202.0,At-Risk
INV003593,166.0,At-Risk
INV003594,217.0,At-Risk
INV003595,235.0,At-Risk
INV003597,241.0,At-Risk
INV003598,114.0,At-Risk
INV003599,100.0,At-Risk
INV003600,252.0,At-Risk
INV003601,118.0,At-Risk
INV003602,436.0,At-Risk
INV003603,308.0,At-Risk
INV003604,188.0,At-Risk
INV003605,224.0,At-Risk
INV003607,253.0,At-Risk
INV003608,197.0,At-Risk
INV003609,226.0,At-Risk
INV003610,,Active
INV003611,228.0,At-Risk
INV003612,116.0,At-Risk
INV003613,283.0,At-Risk
INV003614,167.0,At-Risk
INV003615,92.0,At-Risk
INV003616,152.0,At-Risk
INV003617,68.0,At-Risk
INV003618,,Active
INV003619,113.0,At-Risk
INV003620,261.0,At-Risk
INV003621,,Active
INV003622,,Active
INV003624,152.0,At-Risk
INV003625,168.0,At-Risk
INV003626,167.0,At-Risk
INV003627,152.0,At-Risk
INV003628,43.0,At-Risk
INV003629,,Active
INV003630,96.0,At-Risk
INV003631,,Active
INV003632,113.0,At-Risk
INV003633,119.0,At-Risk
INV003634,83.0,At-Risk
INV003635,95.0,At-Risk
INV003636,262.0,At-Risk
INV003637,280.0,At-Risk
INV003638,143.0,At-Risk
INV003639,232.0,At-Risk
INV003640,180.0,At-Risk
INV003641,219.0,At-Risk
INV003642,217.0,At-Risk
INV003643,228.0,At-Risk
INV003644,136.0,At-Risk
INV003645,257.0,At-Risk
INV003646,,Active
INV003647,75.0,At-Risk
INV003648,279.0,At-Risk
INV003649,195.0,At-Risk
INV003650,86.0,At-Risk
INV003651,81.0,At-Risk
INV003652,96.0,At-Risk
INV003653,159.0,At-Risk
INV003654,124.0,At-Risk
INV003655,198.0,At-Risk
INV003656,208.0,At-Risk
INV003657,,Active
INV003658,143.0,At-Risk
INV003659,69.0,At-Risk
INV003660,164.0,At-Risk
INV003661,147.0,At-Risk
INV003662,,Active
INV003663,69.0,At-Risk
INV003664,401.0,At-Risk
INV003665,280.0,At-Risk
INV003666,117.0,At-Risk
INV003667,,Active
INV003668,202.0,At-Risk
INV003669,98.0,At-Risk
INV003670,160.0,At-Risk
INV003671,295.0,At-Risk
INV003672,180.0,At-Risk
INV003673,160.0,At-Risk
INV003674,151.0,At-Risk
INV003675,150.0,At-Risk
INV003676,44.0,At-Risk
INV003677,268.0,At-Risk
INV003678,45.0,At-Risk
INV003680,176.0,At-Risk
INV003681,101.0,At-Risk
INV003682,87.0,At-Risk
INV003683,165.0,At-Risk
INV003684,229.0,At-Risk
INV003685,132.0,At-Risk
INV003686,328.0,At-Risk
INV003687,,Active
INV003688,,Active
INV003689,,Active
INV003690,193.0,At-Risk
INV003691,307.0,At-Risk
INV003692,28.0,Active
INV003693,234.0,At-Risk
INV003694,187.0,At-Risk
INV003695,157.0,At-Risk
INV003696,190.0,At-Risk
INV003697,163.0,At-Risk
INV003698,265.0,At-Risk
INV003699,127.0,At-Risk
INV003700,191.0,At-Risk
INV003701,,Active
INV003702,118.0,At-Risk
INV003703,135.0,At-Risk
INV003704,,Active
INV003705,152.0,At-Risk
INV003706,,Active
INV003707,152.0,At-Risk
INV003708,104.0,At-Risk
INV003709,181.0,At-Risk
INV003710,118.0,At-Risk
INV003711,145.0,At-Risk
INV003712,163.0,At-Risk
INV003713,161.0,At-Risk
INV003714,,Active
INV003716,225.0,At-Risk
INV003717,291.0,At-Risk
INV003718,284.0,At-Risk
INV003719,108.0,At-Risk
INV003720,116.0,At-Risk
INV003721,360.0,At-Risk
INV003722,135.0,At-Risk
INV003723,124.0,At-Risk
INV003724,169.0,At-Risk
INV003725,339.0,At-Risk
INV003726,144.0,At-Risk
INV003727,386.0,At-Risk
INV003728,4.0,Active
INV003729,,Active
INV003730,223.0,At-Risk
INV003731,268.0,At-Risk
INV003732,211.0,At-Risk
INV003733,174.0,At-Risk
INV003734,290.0,At-Risk
INV003735,104.0,At-Risk
INV003736,120.0,At-Risk
INV003737,249.0,At-Risk
INV003738,117.0,At-Risk
INV003739,51.0,At-Risk
INV003740,172.0,At-Risk
INV003741,159.0,At-Risk
INV003742,150.0,At-Risk
INV003743,121.0,At-Risk
INV003744,187.0,At-Risk
INV003745,183.0,At-Risk
INV003747,189.0,At-Risk
INV003748,182.0,At-Risk
INV003749,118.0,At-Risk
INV003750,370.0,At-Risk
INV003751,232.0,At-Risk
INV003752,145.0,At-Risk
INV003753,134.0,At-Risk
INV003755,154.0,At-Risk
INV003756,210.0,At-Risk
INV003757,156.0,At-Risk
INV003758,112.0,At-Risk
INV003759,,Active
INV003760,200.0,At-Risk
INV003761,150.0,At-Risk
INV003762,191.0,At-Risk
INV003763,168.0,At-Risk
INV003764,,Active
INV003765,192.0,At-Risk
INV003766,192.0,At-Risk
INV003767,125.0,At-Risk
INV003768,323.0,At-Risk
INV003769,17.0,Active
INV003770,,Active
INV003771,130.0,At-Risk
INV003772,72.0,At-Risk
INV003773,122.0,At-Risk
INV003774,,Active
INV003775,151.0,At-Risk
INV003776,,Active
INV003777,,Active
INV003778,156.0,At-Risk
INV003779,160.0,At-Risk
INV003780,135.0,At-Risk
INV003781,199.0,At-Risk
INV003782,192.0,At-Risk
INV003783,73.0,At-Risk
INV003784,,Active
INV003785,160.0,At-Risk
INV003786,46.0,At-Risk
INV003787,178.0,At-Risk
INV003788,145.0,At-Risk
INV003789,328.0,At-Risk
INV003791,140.0,At-Risk
INV003792,98.0,At-Risk
INV003793,203.0,At-Risk
INV003794,236.0,At-Risk
INV003795,122.0,At-Risk
INV003796,,Active
INV003797,74.0,At-Risk
INV003798,105.0,At-Risk
INV003799,133.0,At-Risk
INV003800,330.0,At-Risk
INV003801,208.0,At-Risk
INV003802,,Active
INV003803,48.0,At-Risk
INV003804,97.0,At-Risk
INV003805,185.0,At-Risk
INV003806,337.0,At-Risk
INV003807,,Active
INV003808,45.0,At-Risk
INV003809,84.0,At-Risk
INV003810,253.0,At-Risk
INV003811,141.0,At-Risk
INV003812,174.0,At-Risk
INV003813,122.0,At-Risk
INV003814,164.0,At-Risk
INV003815,217.0,At-Risk
INV003816,13.0,Active
INV003817,119.0,At-Risk
INV003818,248.0,At-Risk
INV003819,118.0,At-Risk
INV003820,379.0,At-Risk
INV003821,151.0,At-Risk
INV003822,128.0,At-Risk
INV003823,154.0,At-Risk
INV003824,196.0,At-Risk
INV003825,99.0,At-Risk
INV003826,,Active
INV003827,,Active
INV003828,109.0,At-Risk
INV003829,159.0,At-Risk
INV003830,115.0,At-Risk
INV003831,,Active
INV003832,187.0,At-Risk
INV003833,121.0,At-Risk
INV003834,123.0,At-Risk
INV003835,147.0,At-Risk
INV003836,123.0,At-Risk
INV003837,,Active
INV003839,139.0,At-Risk
INV003840,66.0,At-Risk
INV003842,,Active
INV003844,197.0,At-Risk
INV003845,132.0,At-Risk
INV003846,329.0,At-Risk
INV003847,66.0,At-Risk
INV003848,183.0,At-Risk
INV003849,146.0,At-Risk
INV003850,,Active
INV003851,121.0,At-Risk
INV003852,273.0,At-Risk
INV003853,391.0,At-Risk
INV003854,185.0,At-Risk
INV003855,66.0,At-Risk
INV003856,156.0,At-Risk
INV003857,,Active
INV003858,209.0,At-Risk
INV003859,100.0,At-Risk
INV003860,72.0,At-Risk
INV003862,184.0,At-Risk
INV003863,471.0,At-Risk
INV003864,197.0,At-Risk
INV003865,235.0,At-Risk
INV003866,,Active
INV003867,156.0,At-Risk
INV003868,264.0,At-Risk
INV003869,210.0,At-Risk
INV003871,,Active
INV003872,85.0,At-Risk
INV003873,215.0,At-Risk
INV003874,30.0,Active
INV003875,,Active
INV003876,160.0,At-Risk
INV003877,207.0,At-Risk
INV003878,108.0,At-Risk
INV003879,243.0,At-Risk
INV003880,193.0,At-Risk
INV003881,,Active
INV003882,332.0,At-Risk
INV003883,102.0,At-Risk
INV003884,33.0,Active
INV003885,281.0,At-Risk
INV003886,,Active
INV003887,332.0,At-Risk
INV003888,141.0,At-Risk
INV003889,,Active
INV003891,94.0,At-Risk
INV003892,114.0,At-Risk
INV003893,308.0,At-Risk
INV003894,162.0,At-Risk
INV003895,,Active
INV003896,255.0,At-Risk
INV003897,144.0,At-Risk
INV003898,386.0,At-Risk
INV003899,262.0,At-Risk
INV003900,92.0,At-Risk
INV003901,228.0,At-Risk
INV003902,186.0,At-Risk
INV003903,130.0,At-Risk
INV003904,162.0,At-Risk
INV003905,103.0,At-Risk
INV003906,115.0,At-Risk
INV003907,98.0,At-Risk
INV003908,91.0,At-Risk
INV003909,147.0,At-Risk
INV003910,80.0,At-Risk
INV003911,244.0,At-Risk
INV003912,195.0,At-Risk
INV003913,136.0,At-Risk
INV003914,,Active
INV003915,,Active
INV003916,114.0,At-Risk
INV003917,294.0,At-Risk
INV003918,179.0,At-Risk
INV003919,315.0,At-Risk
INV003920,132.0,At-Risk
INV003921,90.0,At-Risk
INV003923,,Active
INV003924,231.0,At-Risk
INV003925,236.0,At-Risk
INV003926,214.0,At-Risk
INV003927,,Active
INV003928,281.0,At-Risk
INV003931,258.0,At-Risk
INV003932,175.0,At-Risk
INV003933,,Active
INV003934,82.0,At-Risk
INV003935,,Active
INV003936,227.0,At-Risk
INV003937,94.0,At-Risk
INV003938,110.0,At-Risk
INV003939,159.0,At-Risk
INV003940,151.0,At-Risk
INV003941,284.0,At-Risk
INV003942,181.0,At-Risk
INV003943,88.0,At-Risk
INV003944,,Active
INV003945,175.0,At-Risk
INV003946,147.0,At-Risk
INV003947,125.0,At-Risk
INV003948,101.0,At-Risk
INV003949,178.0,At-Risk
INV003950,141.0,At-Risk
INV003951,189.0,At-Risk
INV003952,95.0,At-Risk
INV003953,153.0,At-Risk
INV003954,192.0,At-Risk
INV003955,213.0,At-Risk
INV003956,316.0,At-Risk
INV003957,187.0,At-Risk
INV003958,133.0,At-Risk
INV003959,,Active
INV003960,166.0,At-Risk
INV003961,177.0,At-Risk
INV003962,302.0,At-Risk
INV003963,70.0,At-Risk
INV003964,130.0,At-Risk
INV003965,,Active
INV003966,38.0,At-Risk
INV003967,328.0,At-Risk
INV003968,209.0,At-Risk
INV003969,175.0,At-Risk
INV003970,108.0,At-Risk
INV003971,154.0,At-Risk
INV003972,224.0,At-Risk
INV003973,128.0,At-Risk
INV003974,205.0,At-Risk
INV003975,125.0,At-Risk
INV003976,224.0,At-Risk
INV003977,149.0,At-Risk
INV003978,209.0,At-Risk
INV003979,123.0,At-Risk
INV003980,94.0,At-Risk
INV003981,237.0,At-Risk
INV003982,15.0,Active
INV003984,40.0,At-Risk
INV003985,191.0,At-Risk
INV003986,241.0,At-Risk
INV003987,96.0,At-Risk
INV003988,,Active
INV003989,159.0,At-Risk
INV003990,,Active
INV003991,286.0,At-Risk
INV003992,113.0,At-Risk
INV003993,170.0,At-Risk
INV003994,,Active
INV003995,229.0,At-Risk
INV003996,244.0,At-Risk
INV003997,205.0,At-Risk
INV003998,219.0,At-Risk
INV003999,,Active
INV004000,,Active
INV004001,123.0,At-Risk
INV004002,,Active
INV004003,215.0,At-Risk
INV004004,88.0,At-Risk
INV004005,314.0,At-Risk
INV004006,78.0,At-Risk
INV004007,102.0,At-Risk
INV004008,196.0,At-Risk
INV004009,87.0,At-Risk
INV004011,192.0,At-Risk
INV004012,208.0,At-Risk
INV004014,182.0,At-Risk
INV004015,190.0,At-Risk
INV004016,119.0,At-Risk
INV004017,85.0,At-Risk
INV004018,144.0,At-Risk
INV004019,229.0,At-Risk
INV004020,,Active
INV004021,,Active
INV004022,,Active
INV004023,93.0,At-Risk
INV004024,306.0,At-Risk
INV004025,269.0,At-Risk
INV004026,249.0,At-Risk
INV004027,173.0,At-Risk
INV004028,205.0,At-Risk
INV004029,,Active
INV004030,149.0,At-Risk
INV004031,72.0,At-Risk
INV004032,217.0,At-Risk
INV004033,122.0,At-Risk
INV004034,,Active
INV004035,118.0,At-Risk
INV004036,,Active
INV004037,137.0,At-Risk
INV004038,207.0,At-Risk
INV004039,198.0,At-Risk
INV004040,131.0,At-Risk
INV004041,172.0,At-Risk
INV004042,,Active
INV004043,231.0,At-Risk
INV004044,123.0,At-Risk
INV004045,128.0,At-Risk
INV004046,151.0,At-Risk
INV004047,,Active
INV004048,,Active
INV004049,83.0,At-Risk
INV004050,167.0,At-Risk
INV004051,127.0,At-Risk
INV004052,309.0,At-Risk
INV004053,,Active
INV004054,,Active
INV004055,,Active
INV004056,214.0,At-Risk
INV004057,,Active
INV004058,244.0,At-Risk
INV004059,345.0,At-Risk
INV004060,,Active
INV004061,152.0,At-Risk
INV004062,386.0,At-Risk
INV004063,167.0,At-Risk
INV004064,215.0,At-Risk
INV004065,,Active
INV004066,319.0,At-Risk
INV004067,152.0,At-Risk
INV004068,153.0,At-Risk
INV004069,196.0,At-Risk
INV004070,170.0,At-Risk
INV004071,205.0,At-Risk
INV004072,,Active
INV004073,148.0,At-Risk
INV004074,54.0,At-Risk
INV004075,256.0,At-Risk
INV004076,186.0,At-Risk
INV004077,102.0,At-Risk
INV004078,189.0,At-Risk
INV004079,164.0,At-Risk
INV004080,185.0,At-Risk
INV004081,411.0,At-Risk
INV004082,59.0,At-Risk
INV004083,,Active
INV004084,12.0,Active
INV004085,260.0,At-Risk
INV004086,,Active
INV004088,,Active
INV004089,294.0,At-Risk
INV004090,75.0,At-Risk
INV004091,240.0,At-Risk
INV004092,,Active
INV004093,,Active
INV004094,167.0,At-Risk
INV004095,335.0,At-Risk
INV004096,160.0,At-Risk
INV004097,245.0,At-Risk
INV004098,87.0,At-Risk
INV004099,174.0,At-Risk
INV004100,22.0,Active
INV004101,,Active
INV004102,124.0,At-Risk
INV004103,,Active
INV004104,148.0,At-Risk
INV004105,155.0,At-Risk
INV004106,151.0,At-Risk
INV004107,11.0,Active
INV004108,165.0,At-Risk
INV004109,197.0,At-Risk
INV004110,32.0,Active
INV004111,,Active
INV004112,112.0,At-Risk
INV004113,104.0,At-Risk
INV004114,76.0,At-Risk
INV004115,111.0,At-Risk
INV004116,117.0,At-Risk
INV004117,75.0,At-Risk
INV004118,161.0,At-Risk
INV004119,237.0,At-Risk
INV004120,173.0,At-Risk
INV004121,185.0,At-Risk
INV004122,136.0,At-Risk
INV004123,138.0,At-Risk
INV004124,193.0,At-Risk
INV004125,142.0,At-Risk
INV004126,,Active
INV004127,190.0,At-Risk
INV004128,156.0,At-Risk
INV004129,175.0,At-Risk
INV004130,180.0,At-Risk
INV004131,230.0,At-Risk
INV004132,135.0,At-Risk
INV004133,188.0,At-Risk
INV004134,54.0,At-Risk
INV004135,164.0,At-Risk
INV004137,45.0,At-Risk
INV004138,148.0,At-Risk
INV004139,317.0,At-Risk
INV004140,470.0,At-Risk
INV004142,236.0,At-Risk
INV004143,280.0,At-Risk
INV004144,82.0,At-Risk
INV004145,144.0,At-Risk
INV004146,253.0,At-Risk
INV004147,136.0,At-Risk
INV004148,186.0,At-Risk
INV004149,130.0,At-Risk
INV004151,197.0,At-Risk
INV004152,131.0,At-Risk
INV004153,125.0,At-Risk
INV004154,90.0,At-Risk
INV004155,,Active
INV004156,,Active
INV004157,235.0,At-Risk
INV004158,,Active
INV004159,188.0,At-Risk
INV004160,358.0,At-Risk
INV004161,260.0,At-Risk
INV004162,300.0,At-Risk
INV004163,161.0,At-Risk
INV004164,76.0,At-Risk
INV004165,212.0,At-Risk
INV004166,102.0,At-Risk
INV004167,,Active
INV004168,74.0,At-Risk
INV004169,184.0,At-Risk
INV004170,,Active
INV004171,79.0,At-Risk
INV004172,196.0,At-Risk
INV004173,322.0,At-Risk
INV004174,195.0,At-Risk
INV004175,133.0,At-Risk
INV004176,,Active
INV004177,117.0,At-Risk
INV004178,285.0,At-Risk
INV004179,129.0,At-Risk
INV004180,13.0,Active
INV004181,245.0,At-Risk
INV004182,46.0,At-Risk
INV004183,47.0,At-Risk
INV004184,151.0,At-Risk
INV004185,105.0,At-Risk
INV004186,21.0,Active
INV004187,27.0,Active
INV004188,,Active
INV004189,275.0,At-Risk
INV004190,211.0,At-Risk
INV004191,310.0,At-Risk
INV004192,15.0,Active
INV004193,5.0,Active
INV004194,206.0,At-Risk
INV004195,156.0,At-Risk
INV004196,219.0,At-Risk
INV004197,218.0,At-Risk
INV004198,168.0,At-Risk
INV004199,138.0,At-Risk
INV004200,,Active
INV004201,,Active
INV004202,114.0,At-Risk
INV004203,113.0,At-Risk
INV004204,40.0,At-Risk
INV004205,164.0,At-Risk
INV004206,,Active
INV004207,8.0,Active
INV004208,156.0,At-Risk
INV004209,,Active
INV004210,77.0,At-Risk
INV004211,390.0,At-Risk
INV004212,169.0,At-Risk
INV004213,,Active
INV004214,184.0,At-Risk
INV004215,40.0,At-Risk
INV004216,195.0,At-Risk
INV004217,,Active
INV004220,177.0,At-Risk
INV004221,,Active
INV004222,141.0,At-Risk
INV004223,311.0,At-Risk
INV004224,77.0,At-Risk
INV004225,91.0,At-Risk
INV004226,176.0,At-Risk
INV004227,42.0,At-Risk
INV004228,112.0,At-Risk
INV004229,163.0,At-Risk
INV004230,203.0,At-Risk
INV004231,223.0,At-Risk
INV004232,232.0,At-Risk
INV004233,55.0,At-Risk
INV004234,,Active
INV004235,,Active
INV004236,23.0,Active
INV004237,215.0,At-Risk
INV004238,52.0,At-Risk
INV004239,130.0,At-Risk
INV004240,179.0,At-Risk
INV004241,117.0,At-Risk
INV004242,133.0,At-Risk
INV004243,131.0,At-Risk
INV004244,102.0,At-Risk
INV004246,64.0,At-Risk
INV004247,274.0,At-Risk
INV004248,93.0,At-Risk
INV004249,,Active
INV004250,214.0,At-Risk
INV004251,,Active
INV004252,288.0,At-Risk
INV004253,354.0,At-Risk
INV004254,409.0,At-Risk
INV004255,,Active
INV004256,410.0,At-Risk
INV004257,135.0,At-Risk
INV004258,105.0,At-Risk
INV004259,157.0,At-Risk
INV004260,,Active
INV004261,247.0,At-Risk
INV004262,151.0,At-Risk
INV004263,149.0,At-Risk
INV004264,298.0,At-Risk
INV004265,180.0,At-Risk
INV004266,101.0,At-Risk
INV004267,109.0,At-Risk
INV004268,127.0,At-Risk
INV004269,,Active
INV004270,204.0,At-Risk
INV004271,157.0,At-Risk
INV004272,98.0,At-Risk
INV004273,112.0,At-Risk
INV004274,275.0,At-Risk
INV004275,,Active
INV004276,34.0,Active
INV004277,161.0,At-Risk
INV004278,255.0,At-Risk
INV004279,116.0,At-Risk
INV004280,101.0,At-Risk
INV004281,93.0,At-Risk
INV004282,105.0,At-Risk
INV004283,194.0,At-Risk
INV004284,136.0,At-Risk
INV004285,169.0,At-Risk
INV004287,129.0,At-Risk
INV004288,223.0,At-Risk
INV004289,201.0,At-Risk
INV004290,264.0,At-Risk
INV004291,145.0,At-Risk
INV004293,142.0,At-Risk
INV004294,258.0,At-Risk
INV004295,119.0,At-Risk
INV004296,304.0,At-Risk
INV004297,82.0,At-Risk
INV004298,198.0,At-Risk
INV004299,175.0,At-Risk
INV004300,118.0,At-Risk
INV004301,212.0,At-Risk
INV004302,238.0,At-Risk
INV004303,115.0,At-Risk
INV004304,228.0,At-Risk
INV004305,135.0,At-Risk
INV004306,118.0,At-Risk
INV004307,139.0,At-Risk
INV004308,244.0,At-Risk
INV004309,,Active
INV004310,248.0,At-Risk
INV004311,,Active
INV004312,,Active
INV004313,87.0,At-Risk
INV004314,195.0,At-Risk
INV004315,,Active
INV004316,126.0,At-Risk
INV004317,,Active
INV004318,227.0,At-Risk
INV004319,275.0,At-Risk
INV004320,336.0,At-Risk
INV004321,84.0,At-Risk
INV004322,179.0,At-Risk
INV004323,,Active
INV004324,173.0,At-Risk
INV004326,78.0,At-Risk
INV004328,290.0,At-Risk
INV004329,306.0,At-Risk
INV004330,107.0,At-Risk
INV004331,,Active
INV004332,149.0,At-Risk
INV004333,93.0,At-Risk
INV004334,276.0,At-Risk
INV004335,104.0,At-Risk
INV004336,210.0,At-Risk
INV004337,6.0,Active
INV004338,209.0,At-Risk
INV004339,250.0,At-Risk
INV004340,252.0,At-Risk
INV004341,153.0,At-Risk
INV004342,198.0,At-Risk
INV004343,190.0,At-Risk
INV004345,172.0,At-Risk
INV004346,231.0,At-Risk
INV004347,175.0,At-Risk
INV004348,120.0,At-Risk
INV004349,159.0,At-Risk
INV004350,145.0,At-Risk
INV004351,275.0,At-Risk
INV004352,118.0,At-Risk
INV004353,115.0,At-Risk
INV004354,174.0,At-Risk
INV004355,,Active
INV004356,81.0,At-Risk
INV004357,305.0,At-Risk
INV004358,87.0,At-Risk
INV004359,110.0,At-Risk
INV004360,132.0,At-Risk
INV004361,124.0,At-Risk
INV004362,190.0,At-Risk
INV004363,215.0,At-Risk
INV004364,173.0,At-Risk
INV004365,300.0,At-Risk
INV004366,134.0,At-Risk
INV004367,194.0,At-Risk
INV004368,182.0,At-Risk
INV004369,108.0,At-Risk
INV004370,,Active
INV004371,242.0,At-Risk
INV004372,155.0,At-Risk
INV004373,,Active
INV004374,144.0,At-Risk
INV004375,169.0,At-Risk
INV004376,167.0,At-Risk
INV004377,166.0,At-Risk
INV004378,255.0,At-Risk
INV004379,132.0,At-Risk
INV004380,212.0,At-Risk
INV004381,253.0,At-Risk
INV004382,261.0,At-Risk
INV004383,,Active
INV004384,75.0,At-Risk
INV004385,,Active
INV004386,,Active
INV004387,93.0,At-Risk
INV004388,49.0,At-Risk
INV004389,,Active
INV004390,,Active
INV004391,96.0,At-Risk
INV004392,200.0,At-Risk
INV004393,176.0,At-Risk
INV004394,260.0,At-Risk
INV004395,,Active
INV004398,205.0,At-Risk
INV004399,,Active
INV004400,104.0,At-Risk
INV004401,216.0,At-Risk
INV004402,,Active
INV004403,150.0,At-Risk
INV004404,165.0,At-Risk
INV004406,99.0,At-Risk
INV004407,54.0,At-Risk
INV004408,237.0,At-Risk
INV004410,138.0,At-Risk
INV004411,111.0,At-Risk
INV004412,173.0,At-Risk
INV004413,142.0,At-Risk
INV004414,176.0,At-Risk
INV004415,250.0,At-Risk
INV004416,,Active
INV004417,,Active
INV004418,138.0,At-Risk
INV004419,,Active
INV004420,303.0,At-Risk
INV004421,221.0,At-Risk
INV004422,,Active
INV004423,,Active
INV004424,101.0,At-Risk
INV004425,258.0,At-Risk
INV004426,143.0,At-Risk
INV004427,125.0,At-Risk
INV004428,36.0,At-Risk
INV004430,122.0,At-Risk
INV004433,,Active
INV004434,156.0,At-Risk
INV004435,108.0,At-Risk
INV004436,128.0,At-Risk
INV004437,248.0,At-Risk
INV004438,89.0,At-Risk
INV004439,136.0,At-Risk
INV004440,295.0,At-Risk
INV004441,199.0,At-Risk
INV004442,291.0,At-Risk
INV004443,231.0,At-Risk
INV004444,48.0,At-Risk
INV004445,284.0,At-Risk
INV004446,170.0,At-Risk
INV004447,129.0,At-Risk
INV004448,236.0,At-Risk
INV004449,194.0,At-Risk
INV004450,153.0,At-Risk
INV004451,137.0,At-Risk
INV004452,180.0,At-Risk
INV004453,74.0,At-Risk
INV004454,311.0,At-Risk
INV004455,105.0,At-Risk
INV004456,162.0,At-Risk
INV004457,188.0,At-Risk
INV004458,,Active
INV004459,141.0,At-Risk
INV004460,93.0,At-Risk
INV004461,144.0,At-Risk
INV004462,341.0,At-Risk
INV004463,211.0,At-Risk
INV004464,142.0,At-Risk
INV004465,157.0,At-Risk
INV004466,269.0,At-Risk
INV004467,235.0,At-Risk
INV004468,154.0,At-Risk
INV004469,,Active
INV004471,254.0,At-Risk
INV004472,156.0,At-Risk
INV004473,152.0,At-Risk
INV004474,267.0,At-Risk
INV004475,87.0,At-Risk
INV004476,345.0,At-Risk
INV004477,180.0,At-Risk
INV004479,177.0,At-Risk
INV004480,,Active
INV004481,113.0,At-Risk
INV004482,293.0,At-Risk
INV004483,345.0,At-Risk
INV004484,182.0,At-Risk
INV004485,130.0,At-Risk
INV004486,275.0,At-Risk
INV004487,103.0,At-Risk
INV004488,295.0,At-Risk
INV004489,259.0,At-Risk
INV004490,81.0,At-Risk
INV004491,149.0,At-Risk
INV004492,296.0,At-Risk
INV004493,182.0,At-Risk
INV004494,418.0,At-Risk
INV004495,132.0,At-Risk
INV004496,217.0,At-Risk
INV004497,186.0,At-Risk
INV004498,128.0,At-Risk
INV004500,,Active
INV004501,18.0,Active
INV004502,165.0,At-Risk
INV004503,,Active
INV004504,247.0,At-Risk
INV004505,53.0,At-Risk
INV004506,186.0,At-Risk
INV004507,,Active
INV004508,202.0,At-Risk
INV004509,175.0,At-Risk
INV004510,302.0,At-Risk
INV004511,89.0,At-Risk
INV004512,,Active
INV004513,282.0,At-Risk
INV004514,213.0,At-Risk
INV004515,70.0,At-Risk
INV004516,201.0,At-Risk
INV004517,185.0,At-Risk
INV004518,219.0,At-Risk
INV004519,363.0,At-Risk
INV004520,217.0,At-Risk
INV004521,76.0,At-Risk
INV004522,,Active
INV004523,127.0,At-Risk
INV004524,429.0,At-Risk
INV004525,210.0,At-Risk
INV004526,182.0,At-Risk
INV004527,74.0,At-Risk
INV004528,149.0,At-Risk
INV004529,274.0,At-Risk
INV004530,66.0,At-Risk
INV004531,159.0,At-Risk
INV004532,,Active
INV004533,118.0,At-Risk
INV004534,118.0,At-Risk
INV004535,446.0,At-Risk
INV004536,,Active
INV004537,69.0,At-Risk
INV004538,,Active
INV004539,,Active
INV004540,84.0,At-Risk
INV004541,,Active
INV004542,59.0,At-Risk
INV004543,225.0,At-Risk
INV004544,110.0,At-Risk
INV004545,94.0,At-Risk
INV004546,180.0,At-Risk
INV004547,165.0,At-Risk
INV004548,290.0,At-Risk
INV004549,163.0,At-Risk
INV004551,113.0,At-Risk
INV004552,,Active
INV004553,207.0,At-Risk
INV004555,151.0,At-Risk
INV004556,,Active
INV004557,172.0,At-Risk
INV004558,291.0,At-Risk
INV004560,107.0,At-Risk
INV004561,360.0,At-Risk
INV004562,158.0,At-Risk
INV004563,211.0,At-Risk
INV004564,,Active
INV004565,293.0,At-Risk
INV004566,86.0,At-Risk
INV004567,309.0,At-Risk
INV004568,133.0,At-Risk
INV004569,,Active
INV004570,,Active
INV004572,,Active
INV004573,104.0,At-Risk
INV004574,116.0,At-Risk
INV004575,126.0,At-Risk
INV004576,132.0,At-Risk
INV004577,,Active
INV004578,61.0,At-Risk
INV004579,77.0,At-Risk
INV004580,,Active
INV004581,234.0,At-Risk
INV004582,248.0,At-Risk
INV004583,380.0,At-Risk
INV004584,148.0,At-Risk
INV004585,120.0,At-Risk
INV004586,,Active
INV004587,,Active
INV004588,,Active
INV004589,225.0,At-Risk
INV004590,,Active
INV004591,13.0,Active
INV004592,162.0,At-Risk
INV004593,202.0,At-Risk
INV004594,122.0,At-Risk
INV004595,150.0,At-Risk
INV004596,,Active
INV004597,,Active
INV004598,195.0,At-Risk
INV004599,,Active
INV004600,222.0,At-Risk
INV004602,242.0,At-Risk
INV004603,,Active
INV004604,197.0,At-Risk
INV004605,,Active
INV004606,118.0,At-Risk
INV004607,214.0,At-Risk
INV004608,96.0,At-Risk
INV004609,220.0,At-Risk
INV004610,,Active
INV004611,217.0,At-Risk
INV004612,,Active
INV004614,117.0,At-Risk
INV004615,383.0,At-Risk
INV004616,158.0,At-Risk
INV004617,83.0,At-Risk
INV004618,,Active
INV004619,77.0,At-Risk
INV004620,196.0,At-Risk
INV004621,203.0,At-Risk
INV004622,412.0,At-Risk
INV004623,127.0,At-Risk
INV004624,,Active
INV004625,246.0,At-Risk
INV004626,329.0,At-Risk
INV004627,182.0,At-Risk
INV004628,,Active
INV004629,175.0,At-Risk
INV004630,95.0,At-Risk
INV004631,109.0,At-Risk
INV004632,193.0,At-Risk
INV004633,189.0,At-Risk
INV004634,256.0,At-Risk
INV004635,142.0,At-Risk
INV004636,160.0,At-Risk
INV004637,201.0,At-Risk
INV004638,110.0,At-Risk
INV004639,51.0,At-Risk
INV004640,202.0,At-Risk
INV004641,105.0,At-Risk
INV004642,232.0,At-Risk
INV004643,101.0,At-Risk
INV004644,8.0,Active
INV004645,297.0,At-Risk
INV004646,158.0,At-Risk
INV004647,138.0,At-Risk
INV004648,95.0,At-Risk
INV004649,,Active
INV004650,143.0,At-Risk
INV004651,103.0,At-Risk
INV004652,19.0,Active
INV004653,318.0,At-Risk
INV004654,170.0,At-Risk
INV004655,175.0,At-Risk
INV004656,316.0,At-Risk
INV004657,,Active
INV004659,105.0,At-Risk
INV004660,232.0,At-Risk
INV004661,181.0,At-Risk
INV004662,,Active
INV004663,,Active
INV004664,289.0,At-Risk
INV004665,137.0,At-Risk
INV004666,,Active
INV004667,106.0,At-Risk
INV004668,221.0,At-Risk
INV004669,48.0,At-Risk
INV004670,,Active
INV004672,127.0,At-Risk
INV004673,127.0,At-Risk
INV004674,5.0,Active
INV004675,,Active
INV004676,255.0,At-Risk
INV004677,255.0,At-Risk
INV004678,267.0,At-Risk
INV004679,237.0,At-Risk
INV004680,155.0,At-Risk
INV004681,7.0,Active
INV004682,105.0,At-Risk
INV004683,253.0,At-Risk
INV004684,263.0,At-Risk
INV004685,,Active
INV004686,,Active
INV004687,175.0,At-Risk
INV004688,181.0,At-Risk
INV004689,216.0,At-Risk
INV004690,,Active
INV004691,,Active
INV004692,190.0,At-Risk
INV004693,161.0,At-Risk
INV004694,300.0,At-Risk
INV004695,287.0,At-Risk
INV004696,20.0,Active
INV004697,,Active
INV004698,365.0,At-Risk
INV004699,213.0,At-Risk
INV004700,231.0,At-Risk
INV004701,82.0,At-Risk
INV004702,170.0,At-Risk
INV004703,228.0,At-Risk
INV004704,141.0,At-Risk
INV004705,,Active
INV004707,,Active
INV004709,164.0,At-Risk
INV004710,,Active
INV004711,222.0,At-Risk
INV004712,84.0,At-Risk
INV004713,,Active
INV004715,169.0,At-Risk
INV004716,197.0,At-Risk
INV004717,89.0,At-Risk
INV004718,146.0,At-Risk
INV004719,90.0,At-Risk
INV004720,164.0,At-Risk
INV004721,379.0,At-Risk
INV004722,214.0,At-Risk
INV004723,198.0,At-Risk
INV004724,85.0,At-Risk
INV004725,122.0,At-Risk
INV004727,203.0,At-Risk
INV004728,28.0,Active
INV004730,191.0,At-Risk
INV004731,135.0,At-Risk
INV004733,191.0,At-Risk
INV004734,241.0,At-Risk
INV004735,98.0,At-Risk
INV004736,147.0,At-Risk
INV004737,120.0,At-Risk
INV004738,148.0,At-Risk
INV004739,339.0,At-Risk
INV004740,262.0,At-Risk
INV004741,157.0,At-Risk
INV004742,209.0,At-Risk
INV004743,,Active
INV004744,192.0,At-Risk
INV004745,279.0,At-Risk
INV004746,,Active
INV004747,151.0,At-Risk
INV004748,123.0,At-Risk
INV004749,80.0,At-Risk
INV004750,375.0,At-Risk
INV004751,155.0,At-Risk
INV004752,137.0,At-Risk
INV004753,87.0,At-Risk
INV004754,195.0,At-Risk
INV004755,181.0,At-Risk
INV004756,149.0,At-Risk
INV004757,,Active
INV004758,369.0,At-Risk
INV004759,196.0,At-Risk
INV004760,126.0,At-Risk
INV004761,139.0,At-Risk
INV004762,,Active
INV004763,184.0,At-Risk
INV004764,144.0,At-Risk
INV004765,40.0,At-Risk
INV004766,,Active
INV004767,158.0,At-Risk
INV004768,,Active
INV004769,199.0,At-Risk
INV004770,146.0,At-Risk
INV004771,304.0,At-Risk
INV004772,177.0,At-Risk
INV004773,,Active
INV004774,147.0,At-Risk
INV004775,259.0,At-Risk
INV004776,145.0,At-Risk
INV004777,,Active
INV004778,,Active
INV004779,,Active
INV004780,154.0,At-Risk
INV004781,140.0,At-Risk
INV004782,,Active
INV004783,,Active
INV004784,202.0,At-Risk
INV004785,248.0,At-Risk
INV004786,211.0,At-Risk
INV004787,140.0,At-Risk
INV004788,99.0,At-Risk
INV004790,225.0,At-Risk
INV004791,316.0,At-Risk
INV004792,193.0,At-Risk
INV004794,58.0,At-Risk
INV004795,13.0,Active
INV004796,24.0,Active
INV004797,104.0,At-Risk
INV004798,106.0,At-Risk
INV004799,123.0,At-Risk
INV004801,395.0,At-Risk
INV004802,228.0,At-Risk
INV004803,328.0,At-Risk
INV004804,137.0,At-Risk
INV004805,92.0,At-Risk
INV004806,93.0,At-Risk
INV004807,86.0,At-Risk
INV004808,162.0,At-Risk
INV004810,,Active
INV004811,82.0,At-Risk
INV004812,38.0,At-Risk
INV004813,253.0,At-Risk
INV004814,192.0,At-Risk
INV004815,376.0,At-Risk
INV004816,191.0,At-Risk
INV004817,216.0,At-Risk
INV004818,112.0,At-Risk
INV004819,120.0,At-Risk
INV004820,118.0,At-Risk
INV004821,110.0,At-Risk
INV004822,127.0,At-Risk
INV004823,302.0,At-Risk
INV004825,141.0,At-Risk
INV004826,172.0,At-Risk
INV004827,179.0,At-Risk
INV004828,32.0,Active
INV004829,155.0,At-Risk
INV004830,79.0,At-Risk
INV004831,293.0,At-Risk
INV004832,352.0,At-Risk
INV004833,171.0,At-Risk
INV004834,106.0,At-Risk
INV004835,214.0,At-Risk
INV004836,254.0,At-Risk
INV004837,145.0,At-Risk
INV004839,,Active
INV004840,103.0,At-Risk
INV004841,351.0,At-Risk
INV004842,,Active
INV004843,153.0,At-Risk
INV004844,118.0,At-Risk
INV004845,197.0,At-Risk
INV004846,209.0,At-Risk
INV004847,281.0,At-Risk
INV004848,166.0,At-Risk
INV004849,177.0,At-Risk
INV004850,162.0,At-Risk
INV004851,200.0,At-Risk
INV004852,221.0,At-Risk
INV004853,137.0,At-Risk
INV004854,186.0,At-Risk
INV004855,98.0,At-Risk
INV004856,132.0,At-Risk
INV004857,205.0,At-Risk
INV004858,243.0,At-Risk
INV004860,189.0,At-Risk
INV004861,261.0,At-Risk
INV004862,273.0,At-Risk
INV004863,220.0,At-Risk
INV004864,114.0,At-Risk
INV004865,143.0,At-Risk
INV004866,138.0,At-Risk
INV004867,181.0,At-Risk
INV004868,226.0,At-Risk
INV004869,71.0,At-Risk
INV004870,102.0,At-Risk
INV004871,170.0,At-Risk
INV004872,233.0,At-Risk
INV004874,192.0,At-Risk
INV004875,211.0,At-Risk
INV004876,173.0,At-Risk
INV004877,276.0,At-Risk
INV004878,,Active
INV004879,,Active
INV004880,101.0,At-Risk
INV004881,223.0,At-Risk
INV004882,139.0,At-Risk
INV004883,73.0,At-Risk
INV004884,158.0,At-Risk
INV004885,163.0,At-Risk
INV004886,134.0,At-Risk
INV004887,,Active
INV004888,91.0,At-Risk
INV004889,159.0,At-Risk
INV004890,253.0,At-Risk
INV004891,128.0,At-Risk
INV004892,258.0,At-Risk
INV004893,16.0,Active
INV004894,152.0,At-Risk
INV004895,157.0,At-Risk
INV004896,252.0,At-Risk
INV004897,,Active
INV004898,,Active
INV004899,124.0,At-Risk
INV004900,134.0,At-Risk
INV004901,96.0,At-Risk
INV004903,173.0,At-Risk
INV004904,104.0,At-Risk
INV004905,,Active
INV004906,,Active
INV004907,76.0,At-Risk
INV004908,238.0,At-Risk
INV004909,,Active
INV004910,242.0,At-Risk
INV004911,97.0,At-Risk
INV004912,163.0,At-Risk
INV004913,156.0,At-Risk
INV004914,263.0,At-Risk
INV004915,86.0,At-Risk
INV004916,162.0,At-Risk
INV004917,77.0,At-Risk
INV004918,206.0,At-Risk
INV004919,205.0,At-Risk
INV004920,159.0,At-Risk
INV004921,,Active
INV004922,366.0,At-Risk
INV004923,134.0,At-Risk
INV004924,116.0,At-Risk
INV004925,105.0,At-Risk
INV004926,133.0,At-Risk
INV004927,63.0,At-Risk
INV004928,,Active
INV004929,386.0,At-Risk
INV004930,41.0,At-Risk
INV004931,213.0,At-Risk
INV004932,224.0,At-Risk
INV004933,86.0,At-Risk
INV004934,122.0,At-Risk
INV004935,152.0,At-Risk
INV004937,,Active
INV004938,166.0,At-Risk
INV004939,190.0,At-Risk
INV004940,,Active
INV004942,54.0,At-Risk
INV004943,279.0,At-Risk
INV004944,166.0,At-Risk
INV004945,208.0,At-Risk
INV004946,,Active
INV004947,75.0,At-Risk
INV004948,229.0,At-Risk
INV004949,25.0,Active
INV004950,169.0,At-Risk
INV004951,187.0,At-Risk
INV004952,258.0,At-Risk
INV004953,138.0,At-Risk
INV004954,184.0,At-Risk
INV004955,185.0,At-Risk
INV004956,155.0,At-Risk
INV004957,73.0,At-Risk
INV004958,135.0,At-Risk
INV004959,193.0,At-Risk
INV004960,83.0,At-Risk
INV004961,280.0,At-Risk
INV004962,231.0,At-Risk
INV004963,120.0,At-Risk
INV004964,175.0,At-Risk
INV004966,,Active
INV004967,112.0,At-Risk
INV004968,49.0,At-Risk
INV004969,188.0,At-Risk
INV004970,90.0,At-Risk
INV004971,245.0,At-Risk
INV004972,336.0,At-Risk
INV004973,99.0,At-Risk
INV004974,102.0,At-Risk
INV004977,295.0,At-Risk
INV004978,157.0,At-Risk
INV004979,199.0,At-Risk
INV004980,143.0,At-Risk
INV004981,115.0,At-Risk
INV004982,248.0,At-Risk
INV004983,128.0,At-Risk
INV004984,177.0,At-Risk
INV004985,220.0,At-Risk
INV004986,185.0,At-Risk
INV004987,208.0,At-Risk
INV004988,443.0,At-Risk
INV004989,149.0,At-Risk
INV004990,168.0,At-Risk
INV004991,,Active
INV004992,176.0,At-Risk
INV004993,188.0,At-Risk
INV004994,129.0,At-Risk
INV004995,122.0,At-Risk
INV004996,104.0,At-Risk
INV004997,248.0,At-Risk
INV004998,182.0,At-Risk
INV004999,108.0,At-Risk
